"name","MIC24","MIC48","MIC72","MIC24.10","MIC48.10","MIC72.10","SMG24","SMG48","SMG72","SMG24.10","SMG48.10","SMG72.10","line","rep","change24","change48","change72"
"1_1",4,4,4,4,4,4,0.0589398311424602,0.12907450523865,0.208479020979021,0.0418477136354231,0.102631096442978,0.232040627885503,"1","1",0,0,0
"1_2",4,4,4,4,4,4,0.0724052540913006,0.137106918238994,0.263401912489134,0.0391308989963698,0.070160687593423,0.170510630220197,"1","2",0,0,0
"1_3",4,4,4,4,4,4,0.0619554695062923,0.139756944444444,0.257658959537572,0.0455102495543672,0.0747062115277,0.185672514619883,"1","3",0,0,0
"1_4",4,4,4,4,4,4,0.0476425438596491,0.134617227172559,0.278064886592018,0.0376996473760631,0.108365543898399,0.276542523624236,"1","4",0,0,0
"1_5",4,4,4,4,4,4,0.0501661129568106,0.134580071518314,0.264932562620424,0.0405753301992389,0.080213133640553,0.185964403172761,"1","5",0,0,0
"1_6",4,4,4,4,4,4,0.0623227855279574,0.152818555490311,0.294407093442463,0.0442742285962625,0.0875118708452042,0.196084049665712,"1","6",0,0,0
"1_7",4,4,4,4,4,4,0.0770603323296532,0.118636629607958,0.241810051521338,0.0455051179350245,0.0926395939086295,0.236324786324786,"1","7",0,0,0
"1_8",4,4,4,4,4,4,0.0459652706843718,0.125797101449275,0.259541618718834,0.041220331863054,0.090567612687813,0.202714045886961,"1","8",0,0,0
"1_9",4,4,4,4,4,4,0.0675133689839572,0.14937015503876,0.291208260953484,0.0403208086134915,0.0668853394181403,0.161172161172161,"1","9",0,0,0
"1_10",4,4,4,4,4,4,0.054419410745234,0.142353977105958,0.273146798795298,0.0458171625700733,0.103688837920489,0.258838383838384,"1","10",0,0,0
"1_11",4,4,4,4,4,4,0.0452025345100702,0.106034399923129,0.206781279847182,0.0424005218525767,0.0673998871968415,0.152974504249292,"1","11",0,0,0
"1_12",4,4,4,4,4,4,0.057994937823264,0.113385598141696,0.200290697674419,0.0455116133082235,0.103881278538813,0.249059973679263,"1","12",0,0,0
"2_1",1,1,1,1,1,1,0.0829828660436137,0.0833453652902108,0.0974539700805524,0.0741059711286089,0.0828125,0.107684135977337,"2","1",0,0,0
"2_2",1,1,1,1,1,1,0.082027502398465,0.0854855371900827,0.099765602109581,0.116609159347553,0.0643716970052848,0.075109649122807,"2","2",0,0,0
"2_3",1,1,1,1,1,1,0.0851038338658147,0.0861967694566814,0.0968294460641399,0.067257785467128,0.0618582430119795,0.0664710933028048,"2","3",0,0,0
"2_4",1,1,1,1,1,1,0.0824795081967213,0.087956204379562,0.0984705711800522,0.0644383509833585,0.0521532438478747,0.0545435510887772,"2","4",0,0,0
"2_5",1,1,1,1,1,1,0.0834155161078238,0.0871122599704579,0.0940612185120094,0.0591286307053942,0.0546271538918598,0.0623137663885578,"2","5",0,0,0
"2_6",1,1,1,1,1,1,0.0904663046949856,0.0954968944099379,0.106371252204586,0.0947986577181208,0.0598404255319149,0.0585129946839929,"2","6",0,0,0
"2_7",1,1,1,1,1,1,0.0837233699160749,0.087819947043248,0.102495608899297,0.175639658848614,0.0541413373860182,0.0681989734299517,"2","7",0,0,0
"2_8",1,1,1,1,1,1,0.0605208993033566,0.064960914881297,0.0892294471498138,0.108698210922787,0.0922396432681243,0.128236478711162,"2","8",0,0,0
"2_9",1,1,1,1,1,1,0.0871835443037975,0.0932533843437316,0.110976148409894,0.0725,0.0669828097213989,0.0714874176153385,"2","9",0,0,0
"2_10",1,1,1,1,1,1,0.0747998665777185,0.0764196983141083,0.0851769911504425,0.2725,0.0383977066988533,0.0387994683992912,"2","10",0,0,0
"2_11",1,1,1,1,1,1,0.0560330156569095,0.0566037735849057,0.0752750434279097,0.111952861952862,0.0450624628197501,0.0472452606635071,"2","11",0,0,0
"2_12",1,1,1,1,1,1,0.0502767527675277,0.0509774436090226,0.065456462789997,0.09375,0.0551116971765436,0.0837327741162373,"2","12",0,0,0
"3_1",0.0625,0.0625,0.0625,0.5,512,512,0.127243283423596,0.178960563108668,0.269143819143819,0.392947438456421,0.586475409836066,0.722925130586187,"3","1",0.4375,511.9375,511.9375
"3_2",0.0625,0.0625,0.0625,0.5,512,512,0.095679012345679,0.144257703081233,0.237854737854738,0.420176787086856,0.567094255437814,0.668401380103508,"3","2",0.4375,511.9375,511.9375
"3_3",0.0625,0.0625,0.0625,4,512,512,0.109313403416557,0.184788895315211,0.300912584053794,0.405127367733507,0.737576452599388,0.832478632478633,"3","3",3.9375,511.9375,511.9375
"3_4",0.0625,0.0625,0.0625,0.5,4,512,0.144014762516046,0.215920965137266,0.297205617231236,0.24368262181975,0.485451713395639,0.689593908629442,"3","4",0.4375,3.9375,511.9375
"3_5",0.0625,0.0625,0.0625,1,32,512,0.107205866137391,0.162650312650313,0.269747006566242,0.260174418604651,0.555165816326531,0.714559248554913,"3","5",0.9375,31.9375,511.9375
"3_6",0.0625,0.0625,0.0625,0.5,8,512,0.114799910574558,0.201466004285993,0.305329851035016,0.276295518207283,0.490039954337899,0.638452588714369,"3","6",0.4375,7.9375,511.9375
"3_7",0.0625,0.0625,0.0625,1,1,32,0.125966348340155,0.193086455893833,0.265100833818111,0.264294733044733,0.411243647656691,0.573744921648288,"3","7",0.9375,0.9375,31.9375
"3_8",0.0625,0.0625,0.0625,1,512,512,0.134226572528883,0.215295815295815,0.282917979566504,0.410687869822485,0.658842488789238,0.783342956120092,"3","8",0.9375,511.9375,511.9375
"3_9",0.0625,0.0625,0.0625,1,32,512,0.114450414148198,0.180155962414027,0.280957259953162,0.316715924895688,0.597754534815682,0.710403272939801,"3","9",0.9375,31.9375,511.9375
"3_10",0.0625,0.0625,0.0625,0.5,1,512,0.113507216729174,0.147962154294032,0.241934697855751,0.324229508196721,0.509772727272727,0.633109684947491,"3","10",0.4375,0.9375,511.9375
"3_11",0.0625,0.0625,0.0625,1,1,32,0.0865560118640201,0.112476053639847,0.186949866054344,0.309731686541738,0.471205865603645,0.628576487252125,"3","11",0.9375,0.9375,31.9375
"3_12",0.0625,0.0625,0.0625,4,1,512,0.0771867210514389,0.104389615537059,0.169947310865891,0.220902612826603,0.5,0.707991803278688,"3","12",3.9375,0.9375,511.9375
"4_1",0.5,0.5,0.5,1,1,1,0.0833614579817752,0.117338709677419,0.221286414767811,0.182941988950276,0.313172043010753,0.439826565143824,"4","1",0.5,0.5,0.5
"4_2",0.5,0.5,0.5,1,1,1,0.0803788903924222,0.116861484511981,0.200959302325581,0.111987704918033,0.124309994189425,0.229036827195467,"4","2",0.5,0.5,0.5
"4_3",0.5,0.5,1,1,1,1,0.0831813576494428,0.123490930716622,0.231313424180922,0.0837193911317009,0.0910364145658263,0.12888672959467,"4","3",0.5,0.5,0
"4_4",0.5,0.5,0.5,1,4,4,0.0723853513691851,0.108714408973253,0.206886657101865,0.105753968253968,0.214230661434978,0.415709739900387,"4","4",0.5,3.5,3.5
"4_5",0.5,0.5,1,1,1,1,0.0735401459854015,0.135564610011641,0.223736644527866,0.0733506944444445,0.0616873940079141,0.118486696230599,"4","5",0.5,0.5,0
"4_6",0.5,0.5,0.5,1,512,512,0.0622160083886753,0.126568483063328,0.239005847953216,0.19235248447205,0.68141495601173,0.834148446490219,"4","6",0.5,511.5,511.5
"4_7",0.5,0.5,1,1,1,1,0.0676440151776475,0.11859649122807,0.226984588543181,0.0669160057678443,0.0603813559322034,0.106977234401349,"4","7",0.5,0.5,0
"4_8",0.5,0.5,1,1,1,1,0.0663101604278075,0.100228898426323,0.20091402456441,0.0704006772009029,0.0724768652400231,0.146540747028862,"4","8",0.5,0.5,0
"4_9",0.5,0.5,1,1,1,1,0.105078929306795,0.135549722951298,0.247510917030568,0.10524728588661,0.057,0.102996911847277,"4","9",0.5,0.5,0
"4_10",0.5,0.5,0.5,1,1,1,0.0648215586307356,0.0836651053864169,0.190969997087096,0.062062018220042,0.0748516320474777,0.178182086034178,"4","10",0.5,0.5,0.5
"4_11",0.5,0.5,0.5,1,1,1,0.0648180242634315,0.0951135383730957,0.189383070301291,0.0978125,0.054080310880829,0.100150602409639,"4","11",0.5,0.5,0.5
"4_12",0.5,0.5,0.5,1,1,1,0.112428977272727,0.141632170313424,0.2475768321513,0.194115470022206,0.165236220472441,0.224018895348837,"4","12",0.5,0.5,0.5
"5_1",8,512,512,8,512,512,0.425064599483204,0.832843281387827,0.893715206563141,0.389017252002465,0.786482224770642,0.893804034582132,"5","1",0,0,0
"5_2",4,512,512,8,512,512,0.440432814397703,0.85678791492745,0.913258249357834,0.427036919159771,0.80178157589803,0.895821242019733,"5","2",4,0,0
"5_3",4,512,512,512,512,512,0.364703227262469,0.86818411734952,0.930652152000807,NA,NA,NA,"5","3",508,0,0
"5_4",4,512,512,4,512,512,0.383439153439153,0.858205279747833,0.914266117969822,0.403718665837995,0.811808291127368,0.907313404775334,"5","4",0,0,0
"5_5",4,512,512,4,512,512,0.361285698533466,0.83552108194113,0.923580136782635,0.378293054648378,0.887028255285517,0.963819691577699,"5","5",0,0,0
"5_6",4,512,512,1,512,512,0.321923937360179,0.829886091127098,0.912278091837747,0.38681133888533,0.821328722778105,0.923815479693938,"5","6",-3,0,0
"5_7",4,512,512,1,512,512,0.345086898395722,0.782454563610945,0.907643627014734,0.384053367217281,0.813884032634033,0.920084351367074,"5","7",-3,0,0
"5_8",1,512,512,1,512,512,0.390475798485347,0.790414087827881,0.897863623061165,0.420130076142132,0.836611305361305,0.922766298020955,"5","8",0,0,0
"5_9",1,512,512,1,512,512,0.389393939393939,0.788147648996706,0.915389764950907,0.378251445086705,0.779144889663182,0.912246376811594,"5","9",0,0,0
"5_10",1,512,512,4,512,512,0.416666666666667,0.778138201569101,0.903147428229665,0.437085738721403,0.810619469026549,0.927254901960784,"5","10",3,0,0
"5_11",1,512,512,4,512,512,0.403120713305898,0.771104857819905,0.892112220916569,0.370675830469645,0.758226867982966,0.918455143078113,"5","11",3,0,0
"5_12",4,512,512,32,512,512,0.446826943902967,0.832591493570722,0.918738898756661,0.443850267379679,0.747584541062802,0.88948948948949,"5","12",28,0,0
"6_1",1,1,1,1,4,4,0.125039184952978,0.218443804034582,0.318562481794349,0.194136385087305,0.381361128142244,0.484818125770653,"6","1",0,3,3
"6_2",1,1,1,1,1,4,0.110117162761241,0.194722877358491,0.299262536873156,0.156119519832985,0.208947523584906,0.349611664712778,"6","2",0,0,3
"6_3",1,1,1,1,1,4,0.109394955300128,0.195589961843264,0.325234879624193,0.216551246537396,0.224206349206349,0.368354154561302,"6","3",0,0,3
"6_4",1,1,1,1,1,1,0.11124213836478,0.176491888760139,0.282056861038584,0.141466580142764,0.17322228443449,0.211565486228218,"6","4",0,0,0
"6_5",0.5,1,1,1,1,1,0.180102531239987,0.289493819894055,0.388002364066194,0.132182835820896,0.206019871420222,0.283137340301974,"6","5",0.5,0,0
"6_6",1,1,1,1,1,1,0.0975551294343241,0.187665392531608,0.288266057748969,0.0879355400696864,0.112140973036342,0.159256559766764,"6","6",0,0,0
"6_7",1,1,1,1,1,1,0.114393693107932,0.186364302461899,0.289402570844289,0.0960517300445358,0.11496298405467,0.159777651083238,"6","7",0,0,0
"6_8",1,1,1,1,1,1,0.114655992390615,0.186616161616162,0.284421856978085,0.123990384615385,0.190026753864447,0.266206482593037,"6","8",0,0,0
"6_9",1,1,1,1,1,1,0.115209619759506,0.194658182894347,0.286239964317574,0.110318513603185,0.125318516421291,0.151917613636364,"6","9",0,0,0
"6_10",1,1,1,1,1,1,0.0975792988313856,0.170297321165734,0.252064896755162,0.103601620288834,0.137492840778923,0.179624568469505,"6","10",0,0,0
"6_11",1,1,1,1,1,1,0.091281847133758,0.177234474753337,0.305409740449111,0.133225458468177,0.140832328106152,0.210446859903382,"6","11",0,0,0
"6_12",1,1,1,1,1,1,0.0912912177603657,0.166981955762515,0.258627019089574,0.0994423791821561,0.0909057545507927,0.13140368852459,"6","12",0,0,0
"7_1",1,1,1,1,1,1,0.0804020100502513,0.129992764109986,0.299096736596737,0.11495983935743,0.153702858880779,0.359346082665022,"7","1",0,0,0
"7_2",1,1,1,1,1,4,0.0769827023498695,0.199808372641509,0.406875,0.115195004382121,0.149700817279626,0.288092798594848,"7","2",0,0,3
"7_3",1,1,1,1,4,4,0.0616521317829457,0.18420471281296,0.380414105940884,0.118433852140078,0.247969837587007,0.453543364377183,"7","3",0,3,3
"7_4",1,1,1,1,4,32,0.0687869822485207,0.202753623188406,0.421352804417321,0.112127130681818,0.259142773551785,0.593947671075331,"7","4",0,3,31
"7_5",1,1,1,1,4,8,0.075387022397892,0.173574368018812,0.372495580436064,0.124317226890756,0.306138392857143,0.577214537963508,"7","5",0,3,7
"7_6",1,1,1,1,1,8,0.0596261991399272,0.203152818991098,0.371712470449173,0.0957044673539519,0.196967455621302,0.466996455995275,"7","6",0,0,7
"7_7",1,1,1,1,4,4,0.128379452926209,0.218601543942993,0.346327893175074,0.139795918367347,0.212163173652695,0.341417910447761,"7","7",0,3,3
"7_8",1,1,1,1,1,1,0.0619303385416667,0.139044540229885,0.293284440609721,0.0803329952670723,0.127022998296422,0.271314825253664,"7","8",0,0,0
"7_9",1,1,1,1,1,4,0.0798566365979382,0.194175119331742,0.323194197750148,0.0964861751152074,0.13987747957993,0.27274044032445,"7","9",0,0,3
"7_10",1,1,1,1,1,1,0.0655458089668616,0.199916717141127,0.380920263788969,0.106090627153687,0.229751372788286,0.4092125382263,"7","10",0,0,0
"7_11",0.5,1,1,1,1,4,0.130898513251454,0.238885595732069,0.44681227863046,0.0729237867395762,0.148682228915663,0.35226586102719,"7","11",0.5,0,3
"7_12",1,1,1,1,1,1,0.0526141628060887,0.146300945067927,0.313309776207303,0.0530361260568793,0.0731390652048471,0.142045454545455,"7","12",0,0,0
"8_1",1,1,1,1,4,4,0.0625382262996942,0.126254300458716,0.224003466204506,0.154862344582593,0.225887784090909,0.276213110102157,"8","1",0,3,3
"8_2",0.5,1,1,1,4,4,0.1140625,0.173621590249565,0.285123010130246,0.167590130023641,0.294904279279279,0.392796848621272,"8","2",0.5,3,3
"8_3",0.5,1,1,1,1,4,0.110370835952231,0.190133488102147,0.354359122401848,0.0948610213316096,0.129431103487707,0.225983630097645,"8","3",0.5,0,3
"8_4",0.5,1,1,1,4,4,0.127441285537701,0.210514285714286,0.358575122091353,0.135778356481481,0.239363913525499,0.314826388888889,"8","4",0.5,3,3
"8_5",0.5,1,1,4,4,4,0.122068965517241,0.214657694558221,0.343709771796372,0.0967799009200283,0.109475218658892,0.149384885764499,"8","5",3.5,3,3
"8_6",0.5,1,1,4,1,512,0.115758145363409,0.223745624270712,0.331401106903583,0.229790775083214,0.361471861471861,0.614607728337237,"8","6",3.5,0,511
"8_7",0.5,0.5,1,1,1,4,0.0925865447419987,0.179538820782253,0.322144522144522,0.19167371090448,0.134061200237671,0.221787177985948,"8","7",0.5,0.5,3
"8_8",0.5,1,1,1,4,4,0.134671980380135,0.231735489460006,0.323744950952106,0.151935774309724,0.212457817772778,0.258893419572553,"8","8",0.5,3,3
"8_9",0.5,1,1,1,4,4,0.149424552429668,0.23042212518195,0.318759102825517,0.150197328476017,0.228601694915254,0.281957013574661,"8","9",0.5,3,3
"8_10",0.5,1,1,1,1,1,0.125984752223634,0.216277030976037,0.316208308952604,0.080498678996037,0.0934688062387522,0.158708708708709,"8","10",0.5,0,0
"8_11",0.5,0.5,1,1,1,1,0.126312460468058,0.190166762507188,0.285829261281978,0.0881421232876712,0.0660481963335305,0.113381528474476,"8","11",0.5,0.5,0
"8_12",0.5,0.5,1,1,1,1,0.103236040609137,0.202310231023102,0.330191972076789,0.0948132088058706,0.0713605741066198,0.11445563339171,"8","12",0.5,0.5,0
"9_1",0.0625,0.0625,0.0625,0.0625,0.0625,1,0.106400804289544,0.140011399259048,0.205497985031664,0.142261904761905,0.211088709677419,0.348941647597254,"9","1",0,0,0.9375
"9_2",0.0625,0.0625,0.0625,0.0625,0.0625,1,0.105092127303183,0.143946316390634,0.207312138728324,0.241432396251673,0.220676357164046,0.307572703714368,"9","2",0,0,0.9375
"9_3",0.0625,0.0625,0.0625,1,1,1,0.105577956989247,0.14384659416142,0.196561604584527,0.0922606034105816,0.100845410628019,0.127054498269896,"9","3",0.9375,0.9375,0.9375
"9_4",0.0625,0.0625,0.0625,1,1,1,0.104249011857708,0.141830624465355,0.195444126074499,0.113814673452078,0.126620870639086,0.13348896434635,"9","4",0.9375,0.9375,0.9375
"9_5",0.0625,0.0625,0.0625,0.0625,1,1,0.140395387149918,0.185886402753873,0.247668393782383,0.188099547511312,0.330436063641721,0.453055229142186,"9","5",0,0.9375,0.9375
"9_6",0.0625,0.0625,0.0625,0.0625,0.0625,1,0.112478632478632,0.175773344897369,0.237935034802784,0.129671832269827,0.143112543962485,0.250850340136054,"9","6",0,0,0.9375
"9_7",0.0625,0.0625,0.0625,0.0625,0.0625,1,0.125930987359071,0.167546403712297,0.220570264765784,0.152859350850077,0.18114852675887,0.320875221762271,"9","7",0,0,0.9375
"9_8",0.0625,0.0625,0.0625,1,1,1,0.123133578841647,0.186397479954181,0.244112578977599,0.0601663585951941,0.0552967316513761,0.0668447293447293,"9","8",0.9375,0.9375,0.9375
"9_9",0.0625,0.0625,0.0625,0.0625,0.0625,1,0.111635111876076,0.164885057471264,0.23212016175621,0.136494252873563,0.153575615474795,0.244387755102041,"9","9",0,0,0.9375
"9_10",0.0625,0.0625,0.0625,0.0625,1,1,0.101139109423542,0.146185088482739,0.2034282393957,0.210009310986965,0.26625159642401,0.391666666666667,"9","10",0,0.9375,0.9375
"9_11",0.0625,0.0625,0.0625,1,0.0625,1,0.0986604152712659,0.130920490168139,0.191236083357122,0.275101419878296,0.0811057692307692,0.111238170347003,"9","11",0.9375,0,0.9375
"9_12",0.0625,0.0625,0.0625,1,1,4,0.0843055555555556,0.114017857142857,0.166472642607683,0.294439163498099,0.170286228983187,0.31182922979798,"9","12",0.9375,0.9375,3.9375
"10_1",1,32,512,1,1,512,0.138296070460705,0.608125185845971,0.791567164179104,0.111802346249556,0.616783164782867,0.839677089421391,"10","1",0,-31,0
"10_2",1,512,512,1,512,512,0.17375124048958,0.639430284857571,0.826028219753828,0.1204257565095,0.65588061465721,0.867695289206917,"10","2",0,0,0
"10_3",1,512,512,1,1,1,0.163455065634466,0.650588498212157,0.812238493723849,0.0868660105980318,0.0704914122137405,0.163777908343126,"10","3",0,-511,-511
"10_4",0.0625,32,512,1,512,512,0.213441404930767,0.626337570203961,0.803119429590018,0.100963237893249,0.60997526193248,0.826740967365967,"10","4",0.9375,480,0
"10_5",1,32,512,1,1,1,0.140770252324037,0.574827379165416,0.795037593984962,0.0755342667649226,0.125944679564692,0.217521994134897,"10","5",0,-31,-511
"10_6",0.0625,512,512,1,1,512,0.209210526315789,0.645197229750075,0.841749323715059,0.132007233273056,0.612233570159858,0.830002960331557,"10","6",0.9375,-511,0
"10_7",1,512,512,0.0625,1,512,0.146541262135922,0.603342891638998,0.809565021071644,0.161519078473722,0.4785,0.806539589442815,"10","7",-0.9375,-511,0
"10_8",0.0625,1,512,1,1,512,0.171035940803383,0.596157256872598,0.792922441757594,0.222833806818182,0.342002151198525,0.684414509331728,"10","8",0.9375,0,0
"10_9",0.0625,1,512,0.0625,1,1,0.176570583887657,0.611235614778922,0.813411693791441,0.122239442076714,0.396786786786787,0.741967990515708,"10","9",0,0,-511
"10_10",0.0625,1,512,1,1,512,0.234380276933468,0.636246246246246,0.812799760191847,0.116505354200988,0.47544099756691,0.8546104686549,"10","10",0.9375,0,0
"10_11",0.0625,1,512,0.0625,1,1,0.16548463356974,0.609248210023866,0.792588200415061,0.1717277486911,0.428433098591549,0.705807783018868,"10","11",0,0,-511
"10_12",0.0625,1,512,1,1,4,0.199593220338983,0.625864123957092,0.789356584485869,0.10161662817552,0.185278990024938,0.371292372881356,"10","12",0.9375,0,-508
"11_1",0.0625,0.0625,0.0625,0.0625,512,512,0.130960086299892,0.243,0.286664704150721,0.186825938566553,0.607953216374269,0.781725740848344,"11","1",0,511.9375,511.9375
"11_2",0.0625,0.0625,0.0625,1,1,1,0.145395213923133,0.252200704225352,0.308286805759624,0.14743735763098,0.229462174940898,0.341678779069767,"11","2",0.9375,0.9375,0.9375
"11_3",0.0625,0.0625,0.0625,1,1,1,0.128248113998324,0.250366461448256,0.303288314738696,0.159586971121558,0.136732585596222,0.203780908568143,"11","3",0.9375,0.9375,0.9375
"11_4",0.0625,0.0625,0.0625,0.0625,4,32,0.131577008106116,0.255614035087719,0.306292069066433,0.152611012433393,0.527998812351544,0.642147058823529,"11","4",0,3.9375,31.9375
"11_5",0.0625,0.0625,0.0625,0.0625,8,32,0.123640081799591,0.234977973568282,0.295379635079459,0.188452997779423,0.52786350148368,0.648195266272189,"11","5",0,7.9375,31.9375
"11_6",0.0625,0.0625,0.0625,0.0625,512,512,0.120862257946657,0.24141592920354,0.298527245949926,0.236131210805596,0.713847080072246,0.810868281157708,"11","6",0,511.9375,511.9375
"11_7",0.0625,0.0625,0.0625,0.0625,32,512,0.127998255560401,0.248269742679681,0.310841949778434,0.179779158040028,0.592280905397562,0.750086655112652,"11","7",0,31.9375,511.9375
"11_8",0.0625,0.0625,0.0625,1,32,512,0.131761565836299,0.233665981802172,0.294502923976608,0.131143667296786,0.575232153221126,0.825319581638582,"11","8",0.9375,31.9375,511.9375
"11_9",0.0625,0.0625,0.0625,0.0625,1,4,0.128253055355859,0.241747288185283,0.289199529134785,0.171796565389696,0.356149732620321,0.543923611111111,"11","9",0,0.9375,3.9375
"11_10",0.0625,0.0625,0.0625,0.0625,0.0625,1,0.126659528907923,0.248143783146729,0.297376179245283,0.132981049562682,0.271096051856217,0.381122150789012,"11","10",0,0,0.9375
"11_11",0.0625,0.0625,0.0625,0.0625,0.0625,4,0.13360575351422,0.226093337246845,0.272199413489736,0.152687411598303,0.351724137931034,0.552553069420539,"11","11",0,0,3.9375
"11_12",0.0625,0.0625,0.0625,0.0625,0.0625,0.0625,0.123265306122449,0.223437037037037,0.27105729474306,0.111281337047354,0.252363112391931,0.37104347826087,"11","12",0,0,0
"12_1",32,32,32,32,32,32,0.140224358974359,0.250154035736291,0.393883225208526,0.304869913275517,0.309779179810726,0.411070780399274,"12","1",0,0,0
"12_2",32,32,32,32,32,32,0.162848415425735,0.297081413210445,0.435905318167845,0.258579023682939,0.280138495435946,0.330132052821129,"12","2",0,0,0
"12_3",32,32,32,32,32,32,0.176673040152964,0.342097217976154,0.490214067278288,0.252615844544096,0.278214397988054,0.342378048780488,"12","3",0,0,0
"12_4",32,32,512,32,32,32,0.182417582417582,0.350274725274725,0.505489478499543,0.218612818261633,0.264669163545568,0.313513513513514,"12","4",0,0,-480
"12_5",32,32,512,32,32,32,0.169390195296931,0.36007405121876,0.500462820117248,0.211923847695391,0.254327982373308,0.320161792159303,"12","5",0,0,-480
"12_6",32,32,32,32,32,32,0.144875478927203,0.326060043330238,0.494741725951129,0.189225289403384,0.265556253928347,0.335377069282649,"12","6",0,0,0
"12_7",32,32,512,32,32,32,0.17337855023315,0.377288240769469,0.523743016759777,0.201020408163265,0.239225484072455,0.305860805860806,"12","7",0,0,-480
"12_8",32,32,512,32,32,32,0.170479704797048,0.378540640394089,0.513259327782917,0.146198830409357,0.176378446115288,0.226474278544542,"12","8",0,0,-480
"12_9",32,32,32,32,32,32,0.175816374822527,0.313376987839102,0.475148483901219,0.2000962000962,0.24391785150079,0.347568578553616,"12","9",0,0,0
"12_10",32,32,32,32,32,32,0.160593538692712,0.346656298600311,0.490530891027631,0.17828773168579,0.228553339664451,0.293881334981459,"12","10",0,0,0
"12_11",32,32,32,32,32,32,0.118578465869106,0.287605107443164,0.445076923076923,0.178082191780822,0.245553822152886,0.32639314145744,"12","11",0,0,0
"12_12",32,32,32,32,32,32,0.130721489526765,0.243609725685786,0.378260869565217,0.168406072106262,0.199248120300752,0.270781637717122,"12","12",0,0,0
"13_1",0.0625,0.0625,1,1,1,1,0.0430297397769517,0.137906352520131,0.346373365041617,0.0576697892271663,0.0896873074553296,0.274163148371532,"13","1",0.9375,0.9375,0
"13_2",0.0625,0.0625,1,1,1,512,0.0464096984768418,0.161722488038278,0.438206569991122,0.102862438220758,0.190375629043853,0.755432862190813,"13","2",0.9375,0.9375,511
"13_3",0.0625,0.0625,1,1,1,1,0.0654256942325298,0.202925373134328,0.477034198113208,0.0549324912891986,0.0814772727272727,0.242149758454106,"13","3",0.9375,0.9375,0
"13_4",0.0625,0.0625,1,1,1,1,0.0395668090298963,0.169136904761905,0.430396215257244,0.114495798319328,0.104679188829787,0.398367952522255,"13","4",0.9375,0.9375,0
"13_5",0.0625,0.0625,1,1,1,1,0.0388385888229785,0.163107088989442,0.402150537634409,0.23193359375,0.092982924226254,0.295267150395778,"13","5",0.9375,0.9375,0
"13_6",0.0625,0.0625,1,1,1,1,0.0393112007446478,0.156694560669456,0.447011834319527,0.0660722197607443,0.0832045735475896,0.200914821648217,"13","6",0.9375,0.9375,0
"13_7",0.0625,0.0625,1,1,1,1,0.0420546244568591,0.163916292974589,0.43424617196702,0.0599385245901639,0.0433855459057072,0.0986334156886967,"13","7",0.9375,0.9375,0
"13_8",0.0625,0.0625,1,1,1,1,0.0519236784485455,0.15831103181683,0.464474074074074,0.0500089063056644,0.0381124557260921,0.0877283441367118,"13","8",0.9375,0.9375,0
"13_9",0.0625,0.0625,1,1,1,1,0.0579590589673083,0.211949305974653,0.49286780065652,0.059861653068464,0.0690127970749543,0.0946590909090909,"13","9",0.9375,0.9375,0
"13_10",0.0625,0.0625,1,1,1,1,0.0680772769089237,0.251339151369245,0.495022354694486,0.146002024291498,0.0585480093676815,0.13436329588015,"13","10",0.9375,0.9375,0
"13_11",0.0625,0.0625,1,1,1,1,0.0353453640323584,0.126628979470396,0.386192592592593,0.0557204533189423,0.0357142857142857,0.0603718637992832,"13","11",0.9375,0.9375,0
"13_12",0.0625,0.0625,32,1,1,4,0.0609555690809495,0.207599517490953,0.570107398568019,0.0735815602836879,0.0788246268656716,0.363380172946263,"13","12",0.9375,0.9375,-28
"14_1",0.0625,1,1,1,1,1,0.189388489208633,0.400989522700815,0.589544392523365,0.0938228438228438,0.0953315881326352,0.129606790481718,"14","1",0.9375,0,0
"14_2",0.0625,0.0625,1,1,1,1,0.164455659697188,0.378399765533411,0.588443534230544,0.200488683127572,0.0856923601637108,0.10686215235792,"14","2",0.9375,0.9375,0
"14_3",0.0625,1,1,1,1,1,0.162834701892181,0.429393939393939,0.617943305186972,0.116804635761589,0.0811863391252247,0.178492970123023,"14","3",0.9375,0,0
"14_4",0.0625,1,1,0.0625,1,1,0.156832740213523,0.405071407752842,0.601627906976744,0.163603925066905,0.221689895470383,0.362571921749137,"14","4",0,0,0
"14_5",0.0625,1,1,1,1,1,0.166311300639659,0.427740029542097,0.61233804475854,0.0788925438596491,0.0472704532077693,0.0604967948717949,"14","5",0.9375,0,0
"14_6",0.0625,1,1,1,1,1,0.133971810625226,0.38051948051948,0.558801057890097,0.131779100529101,0.195958083832335,0.390874777975133,"14","6",0.9375,0,0
"14_7",0.0625,1,1,0.0625,0.0625,1,0.177754459601259,0.383216168717047,0.55,0.193800695249131,0.298307600950119,0.478668238067177,"14","7",0,-0.9375,0
"14_8",0.0625,1,1,1,1,1,0.167260420377627,0.355176402544824,0.503554913294798,0.284413854351687,0.13877688172043,0.26097723240686,"14","8",0.9375,0,0
"14_9",0.0625,1,1,1,0.0625,1,0.227418690819267,0.391515870661525,0.585844883515187,0.182522123893805,0.0865791062801932,0.188308823529412,"14","9",0.9375,-0.9375,0
"14_10",0.0625,1,1,1,1,1,0.185079479768786,0.404264705882353,0.571810699588477,0.0658967391304348,0.048735119047619,0.0765778807180081,"14","10",0.9375,0,0
"14_11",0.0625,0.0625,1,1,1,1,0.200605326876513,0.352619324796275,0.567570720326626,0.313679245283019,0.0512911213300318,0.0943823618242223,"14","11",0.9375,0.9375,0
"14_12",0.0625,1,1,1,0.0625,1,0.162268938021022,0.38056129985229,0.524918902978472,0.118380330123796,0.193439769975787,0.404080118694362,"14","12",0.9375,-0.9375,0
"15_1",0.0625,0.0625,1,0.0625,1,512,0.0553606882859034,0.126639344262295,0.346802679658953,0.167837653478854,0.542139595564253,0.866115702479339,"15","1",0,0.9375,511
"15_2",0.0625,0.0625,1,1,1,1,0.0529197080291971,0.129771718452758,0.350189035916824,0.047349194454852,0.0471956224350205,0.0659604996623903,"15","2",0.9375,0.9375,0
"15_3",0.0625,0.0625,1,1,1,1,0.0557762330354187,0.173629489603025,0.41693851944793,0.0448122338366241,0.0512755102040816,0.103110209601082,"15","3",0.9375,0.9375,0
"15_4",0.0625,0.0625,1,1,1,1,0.0470415168355672,0.125187969924812,0.332688708671241,0.046011673151751,0.0493293328626897,0.0802951388888889,"15","4",0.9375,0.9375,0
"15_5",0.0625,0.0625,1,1,1,1,0.0507251153592617,0.141645489199492,0.351515151515152,0.05073385518591,0.0495580808080808,0.053970223325062,"15","5",0.9375,0.9375,0
"15_6",0.0625,0.0625,1,0.0625,1,1,0.0548516172057352,0.17100063734863,0.395678233438486,0.104735376044568,0.257162116616111,0.433630657416584,"15","6",0,0.9375,0
"15_7",0.0625,0.0625,1,1,1,1,0.0548934753661784,0.150411132194813,0.320919324577861,0.0515548281505728,0.0484363767074047,0.0589589235127479,"15","7",0.9375,0.9375,0
"15_8",0.0625,0.0625,1,1,1,4,0.0487748344370861,0.156532663316583,0.339085820895522,0.0994369369369369,0.0710406171284635,0.244811320754717,"15","8",0.9375,0.9375,3
"15_9",0.0625,0.0625,1,1,1,1,0.055064762537363,0.174401763224181,0.402055660974067,0.0581001805054152,0.0762005131964809,0.169964349376114,"15","9",0.9375,0.9375,0
"15_10",0.0625,0.0625,1,1,1,1,0.0579993375289831,0.192283364958887,0.456353240152478,0.0434494342291372,0.0917756860242502,0.385999047013977,"15","10",0.9375,0.9375,0
"15_11",0.0625,0.0625,1,1,4,4,0.0473079448456993,0.141749379652605,0.34528419737664,0.0692417230331079,0.244024547803618,0.605667202572347,"15","11",0.9375,3.9375,3
"15_12",0.0625,0.0625,1,1,1,4,0.0483050847457627,0.124951581665591,0.357815384615385,0.0652450090744102,0.123897707231041,0.208333333333333,"15","12",0.9375,0.9375,3
"16_1",0.0625,1,1,1,1,1,0.13035418735518,0.358633944411591,0.548329884717706,0.0579761423372422,0.0877748930971289,0.181966726084373,"16","1",0.9375,0,0
"16_2",0.0625,1,1,1,1,1,0.177527700831025,0.351611940298507,0.506396396396396,0.0719956694334176,0.184488399762046,0.426854599406528,"16","2",0.9375,0,0
"16_3",0.0625,1,1,1,1,1,0.142866688940862,0.371132800946466,0.546422182468694,0.0487037743042318,0.0582893966022261,0.11465038033938,"16","3",0.9375,0,0
"16_4",0.0625,1,1,1,1,1,0.133503277494537,0.302357795461244,0.471381182147165,0.0909890539483972,0.204291593180482,0.4388353115727,"16","4",0.9375,0,0
"16_5",0.0625,1,1,1,1,1,0.139628591450596,0.308682634730539,0.479933814681107,0.0860487404162103,0.10349940688019,0.22081124852768,"16","5",0.9375,0,0
"16_6",0.0625,1,1,1,1,4,0.159105431309904,0.331039618707179,0.494901019796041,0.0875428082191781,0.201931749849669,0.380173965206959,"16","6",0.9375,0,3
"16_7",0.0625,1,1,1,1,1,0.120233463035019,0.307643884892086,0.477452772699573,0.0605715287517532,0.0944589877835951,0.153568301225919,"16","7",0.9375,0,0
"16_8",0.0625,1,1,1,1,1,0.166689536878216,0.365969357690041,0.53451536643026,0.0832423580786026,0.124485294117647,0.197719893742621,"16","8",0.9375,0,0
"16_9",0.0625,1,1,1,1,1,0.137929717341482,0.320282451923077,0.496710923355462,0.100856504468719,0.171355111917725,0.329620710415412,"16","9",0.9375,0,0
"16_10",0.0625,1,1,1,1,1,0.158452830188679,0.324521531100478,0.520782766990291,0.0701117982873454,0.116629129129129,0.250487695078031,"16","10",0.9375,0,0
"16_11",0.0625,1,1,1,1,1,0.142108938547486,0.322031896042528,0.493757467144564,0.0707814269535674,0.0655093951849677,0.17534417106034,"16","11",0.9375,0,0
"16_12",0.0625,1,1,1,1,1,0.192356687898089,0.364652840396754,0.514093759331144,0.0587273641851107,0.0680069402534701,0.167985232067511,"16","12",0.9375,0,0
"17_1",0.0625,0.0625,0.0625,1,4,512,0.0482945489321007,0.0697674418604651,0.171188934667451,0.0981751824817518,0.473599460754943,0.789489489489489,"17","1",0.9375,3.9375,511.9375
"17_2",0.0625,0.0625,0.0625,32,512,512,0.0475806451612903,0.0607343796268878,0.207168352171327,0.145436638214051,0.925707547169811,0.919789227166276,"17","2",31.9375,511.9375,511.9375
"17_3",0.0625,0.0625,0.0625,1,1,1,0.0583148558758315,0.0886147443519619,0.212511170688114,0.0545525224602626,0.0705706854345165,0.137996941896024,"17","3",0.9375,0.9375,0.9375
"17_4",0.0625,0.0625,0.0625,1,1,1,0.0464982411256796,0.0796815098790917,0.200708382526564,0.263449367088608,0.0623445825932505,0.148969240837696,"17","4",0.9375,0.9375,0.9375
"17_5",0.0625,0.0625,0.0625,1,1,1,0.043815445026178,0.0586104513064133,0.152543387193297,0.0474496877168633,0.0686933534743202,0.16175809352518,"17","5",0.9375,0.9375,0.9375
"17_6",0.0625,0.0625,0.0625,1,1,1,0.0472453555413197,0.0725156669650851,0.212634408602151,0.0956692913385827,0.0469869706840391,0.0581048387096774,"17","6",0.9375,0.9375,0.9375
"17_7",0.0625,0.0625,0.0625,1,1,1,0.0543636940653761,0.0941334929661778,0.183787017648818,0.0806019070321812,0.051628664495114,0.0732409208819715,"17","7",0.9375,0.9375,0.9375
"17_8",0.0625,0.0625,0.0625,1,1,1,0.0560810810810811,0.0769390787518574,0.171454112038141,0.0938922610015174,0.0489915713425647,0.0683078537170264,"17","8",0.9375,0.9375,0.9375
"17_9",0.0625,0.0625,0.0625,1,1,1,0.0567453898414752,0.0859066427289049,0.177954887218045,0.130827239488117,0.066484375,0.0973854731766124,"17","9",0.9375,0.9375,0.9375
"17_10",0.0625,0.0625,0.0625,1,1,1,0.0495275333985011,0.0861708482676225,0.191327751196172,0.174422141119221,0.085633626097867,0.14480122324159,"17","10",0.9375,0.9375,0.9375
"17_11",0.0625,0.0625,0.0625,1,1,1,0.0454631979695432,0.0738151658767773,0.167448071216617,0.0903985507246377,0.0538241239892183,0.0897435897435897,"17","11",0.9375,0.9375,0.9375
"17_12",0.0625,0.0625,0.0625,1,1,1,0.0517721518987342,0.0896033653846154,0.184622275306061,0.0740397574123989,0.0395968016332086,0.0509464529331514,"17","12",0.9375,0.9375,0.9375
"18_1",4,4,512,4,4,8,0.162300807683912,0.439143279172821,0.685770556376169,0.0785307156428119,0.406432748538012,0.648131932282545,"18","1",0,0,-504
"18_2",4,4,512,4,4,8,0.164670335599439,0.386842886842887,0.632316651860626,0.0660326670964969,0.352397798742138,0.548826979472141,"18","2",0,0,-504
"18_3",4,8,512,4,8,8,0.16583830351226,0.443554764729142,0.639802469135802,0.0911980176686059,0.477987421383648,0.653744880046811,"18","3",0,0,-504
"18_4",4,4,512,4,8,512,0.144763749865461,0.406455088647272,0.622899570144588,0.114275225508706,0.508683639234261,0.692896660738984,"18","4",0,4,0
"18_5",4,4,512,4,8,8,0.157175773535221,0.379444278458321,0.666468372000793,0.0872936189201249,0.388293650793651,0.638241736360016,"18","5",0,4,-504
"18_6",4,4,512,4,4,8,0.173012257294717,0.358239255298079,0.595160493827161,0.0728223372143165,0.331575864089045,0.600323149236193,"18","6",0,0,-504
"18_7",4,4,8,4,4,8,0.182122784262862,0.382645945407452,0.629387269482451,0.075876333551056,0.266852831667646,0.411744639376218,"18","7",0,0,0
"18_8",4,4,512,4,4,512,0.206387808041505,0.430559639321768,0.627802251590798,0.102401129943503,0.405493754879001,0.612543962485346,"18","8",0,0,0
"18_9",4,4,8,4,4,8,0.174991838067254,0.401612421618394,0.653964473553637,0.0692684011563264,0.353883972468043,0.611488481984643,"18","9",0,0,0
"18_10",4,8,512,4,4,8,0.172935224898273,0.462985015381562,0.745092207019631,0.0572147651006711,0.283244680851064,0.502364066193853,"18","10",0,-4,-504
"18_11",4,8,8,4,4,8,0.184131576127719,0.445148923621351,0.673758865248227,0.0607461734693878,0.280866003510825,0.54876615746181,"18","11",0,-4,0
"18_12",4,4,512,4,4,8,0.156757051072634,0.45882818685669,0.696743352255751,0.0615039281705948,0.295601173020528,0.538574793875147,"18","12",0,0,-504
"19_1",0.0625,1,1,1,4,4,0.162437227987948,0.221844380403458,0.346337946943483,0.126460280373832,0.215281943611278,0.324648624401914,"19","1",0.9375,3,3
"19_2",0.0625,1,1,1,4,4,0.203042328042328,0.29300518134715,0.442713133640553,0.15512912482066,0.245065789473684,0.371975218658892,"19","2",0.9375,3,3
"19_3",0.0625,1,1,1,4,4,0.175202156334232,0.254082806210466,0.382050545663412,0.127115885416667,0.283676470588235,0.497848599766628,"19","3",0.9375,3,3
"19_4",0.0625,1,1,1,1,1,0.174737532808399,0.250372492836676,0.378140200286123,0.109875444839858,0.135674238067855,0.280444126074499,"19","4",0.9375,0,0
"19_5",0.0625,0.0625,1,1,1,4,0.124535943300709,0.205336426914153,0.354738372093023,0.14045371498173,0.189612784265519,0.350673652694611,"19","5",0.9375,0.9375,3
"19_6",0.0625,1,1,1,1,4,0.168602295746117,0.243833624200116,0.363211382113821,0.110297995780591,0.184224558196222,0.340565467190807,"19","6",0.9375,0,3
"19_7",0.0625,1,1,1,1,1,0.168388641806363,0.240368852459016,0.34375,0.0808946488294314,0.0769649071925754,0.102964512406232,"19","7",0.9375,0,0
"19_8",0.0625,1,1,32,32,32,0.179921645445642,0.266043703277746,0.393567753001715,0.00280426247896803,0.0025987525987526,0.00262881177707676,"19","8",31.9375,31,31
"19_9",0.0625,1,1,1,4,32,0.186404531822726,0.268856304985337,0.382961222091657,0.234646194926569,0.453067625458996,0.7101723095526,"19","9",0.9375,3,31
"19_10",0.0625,1,1,1,1,8,0.174488083249413,0.270740956826138,0.410832847990681,0.0953861256544503,0.232382300357569,0.433786393345217,"19","10",0.9375,0,7
"19_11",0.0625,1,1,1,1,4,0.167918088737201,0.240858966918166,0.352982049797336,0.118713556851312,0.132862550960978,0.286131123919308,"19","11",0.9375,0,3
"19_12",0.0625,1,1,1,1,4,0.14660587639311,0.205414012738853,0.327275362318841,0.0921296296296296,0.209842636579572,0.35848162193699,"19","12",0.9375,0,3
"20_1",4,4,8,1,1,4,0.0890964711023708,0.242785630153121,0.461481039116154,0.0857764747690121,0.156969875959835,0.296764964788732,"20","1",-3,-3,-4
"20_2",4,4,4,1,1,32,0.0919255342586473,0.190321947389085,0.369813380980743,0.0775897226753671,0.198414454277286,0.493461879432624,"20","2",-3,-3,28
"20_3",4,4,4,1,1,512,0.0915991902834008,0.216509988249119,0.444000788721286,0.109701043338684,0.384723871733967,0.738070539419087,"20","3",-3,-3,508
"20_4",4,4,4,1,1,512,0.0791476407914764,0.174575448811257,0.336662749706228,0.0926724137931035,0.31275599765945,0.612814695550351,"20","4",-3,-3,508
"20_5",0.0625,4,4,1,1,1,0.247312541473125,0.378070435039953,0.534378698224852,0.0892249757045676,0.11767578125,0.231755350772889,"20","5",0.9375,-3,-3
"20_6",4,4,4,1,1,1,0.0861952861952862,0.18541169451074,0.360025847499751,0.0688960515713134,0.243827616794796,0.598166961130742,"20","6",-3,-3,-3
"20_7",0.0625,4,4,1,1,1,0.247495854063018,0.381826347305389,0.559682254196643,0.0753128450496871,0.149373156342183,0.229925132119789,"20","7",0.9375,-3,-3
"20_8",4,4,4,1,1,512,0.0877956269522535,0.21347873072011,0.415143474842767,0.111279215358932,0.331355562026791,0.673695652173913,"20","8",-3,-3,508
"20_9",4,4,4,1,1,1,0.0939550949913644,0.194965743223116,0.372569444444444,0.0921643466546924,0.159684886499403,0.317562537224538,"20","9",-3,-3,-3
"20_10",4,4,4,1,1,4,0.0842819362998735,0.200759818432998,0.405700454455641,0.0947252747252747,0.140119187757504,0.257368035190616,"20","10",-3,-3,0
"20_11",1,4,4,1,1,1,0.181830405163141,0.246470160116448,0.358505680163123,0.0669447483588621,0.125073486184597,0.399772460364063,"20","11",0,-3,-3
"20_12",0.0625,4,4,1,1,1,0.25307320441989,0.362621359223301,0.515102286401925,0.0743442925748061,0.150909225310467,0.373414454277286,"20","12",0.9375,-3,-3
