"line","rep","enviro","dataM","exper"
1,1,0,1.896,"4"
1,1,1,1.889,"4"
1,1,8,0.309,"4"
1,1,32,0.314,"4"
1,2,0,1.873,"4"
1,2,1,1.87,"4"
1,2,8,0.277,"4"
1,2,32,0.305,"4"
1,3,0,1.859,"4"
1,3,1,1.853,"4"
1,3,8,0.284,"4"
1,3,32,0.311,"4"
1,4,0,1.879,"4"
1,4,1,1.872,"4"
1,4,8,0.301,"4"
1,4,32,0.321,"4"
1,5,0,1.85,"4"
1,5,1,1.846,"4"
1,5,8,0.263,"4"
1,5,32,0.267,"4"
1,6,0,1.843,"4"
1,6,1,1.837,"4"
1,6,8,0.273,"4"
1,6,32,0.299,"4"
1,7,0,1.836,"4"
1,7,1,1.835,"4"
1,7,8,0.316,"4"
1,7,32,0.298,"4"
1,8,0,1.869,"4"
1,8,1,1.861,"4"
1,8,8,0.256,"4"
1,8,32,0.3,"4"
1,9,0,1.835,"4"
1,9,1,1.861,"4"
1,9,8,0.292,"4"
1,9,32,0.297,"4"
1,10,0,1.806,"4"
1,10,1,1.816,"4"
1,10,8,0.305,"4"
1,10,32,0.325,"4"
1,11,0,1.861,"4"
1,11,1,1.876,"4"
1,11,8,0.298,"4"
1,11,32,0.318,"4"
1,12,0,1.752,"4"
1,12,1,1.852,"4"
1,12,8,0.293,"4"
1,12,32,0.318,"4"
2,1,0,1.881,"4"
2,1,1,1.368,"4"
2,1,8,0.183,"4"
2,1,32,0.168,"4"
2,2,0,1.903,"4"
2,2,1,1.33,"4"
2,2,8,0.146,"4"
2,2,32,0.141,"4"
2,3,0,1.831,"4"
2,3,1,1.747,"4"
2,3,8,0.144,"4"
2,3,32,0.139,"4"
2,4,0,1.865,"4"
2,4,1,1.837,"4"
2,4,8,0.145,"4"
2,4,32,0.14,"4"
2,5,0,1.826,"4"
2,5,1,1.239,"4"
2,5,8,0.133,"4"
2,5,32,0.13,"4"
2,6,0,1.805,"4"
2,6,1,1.709,"4"
2,6,8,0.137,"4"
2,6,32,0.136,"4"
2,7,0,1.716,"4"
2,7,1,1.651,"4"
2,7,8,0.136,"4"
2,7,32,0.132,"4"
2,8,0,1.784,"4"
2,8,1,1.403,"4"
2,8,8,0.216,"4"
2,8,32,0.226,"4"
2,9,0,1.771,"4"
2,9,1,1.698,"4"
2,9,8,0.146,"4"
2,9,32,0.134,"4"
2,10,0,1.657,"4"
2,10,1,1.306,"4"
2,10,8,0.136,"4"
2,10,32,0.132,"4"
2,11,0,1.808,"4"
2,11,1,1.751,"4"
2,11,8,0.137,"4"
2,11,32,0.131,"4"
2,12,0,1.592,"4"
2,12,1,1.348,"4"
2,12,8,0.158,"4"
2,12,32,0.145,"4"
3,1,0,1.853,"4"
3,1,1,1.12,"4"
3,1,8,1.117,"4"
3,1,32,1.12,"4"
3,2,0,1.793,"4"
3,2,1,1.028,"4"
3,2,8,0.959,"4"
3,2,32,0.949,"4"
3,3,0,1.85,"4"
3,3,1,1.55,"4"
3,3,8,1.5,"4"
3,3,32,1.259,"4"
3,4,0,1.25,"4"
3,4,1,0.625,"4"
3,4,8,0.513,"4"
3,4,32,0.325,"4"
3,5,0,1.811,"4"
3,5,1,1.282,"4"
3,5,8,1.237,"4"
3,5,32,1.114,"4"
3,6,0,1.815,"4"
3,6,1,1.069,"4"
3,6,8,1.128,"4"
3,6,32,0.995,"4"
3,7,0,1.79,"4"
3,7,1,1.162,"4"
3,7,8,1.085,"4"
3,7,32,1.024,"4"
3,8,0,1.816,"4"
3,8,1,1.443,"4"
3,8,8,1.425,"4"
3,8,32,1.333,"4"
3,9,0,1.809,"4"
3,9,1,1.167,"4"
3,9,8,1.243,"4"
3,9,32,1.167,"4"
3,10,0,1.81,"4"
3,10,1,1.089,"4"
3,10,8,1.072,"4"
3,10,32,0.944,"4"
3,11,0,1.836,"4"
3,11,1,1.195,"4"
3,11,8,1.074,"4"
3,11,32,1.02,"4"
3,12,0,1.787,"4"
3,12,1,1.247,"4"
3,12,8,1.112,"4"
3,12,32,1.075,"4"
4,1,0,1.865,"4"
4,1,1,1.815,"4"
4,1,8,0.558,"4"
4,1,32,0.377,"4"
4,2,0,1.881,"4"
4,2,1,1.85,"4"
4,2,8,0.249,"4"
4,2,32,0.153,"4"
4,3,0,1.891,"4"
4,3,1,1.848,"4"
4,3,8,0.138,"4"
4,3,32,0.127,"4"
4,4,0,1.922,"4"
4,4,1,1.923,"4"
4,4,8,0.16,"4"
4,4,32,0.193,"4"
4,5,0,1.9,"4"
4,5,1,1.883,"4"
4,5,8,0.145,"4"
4,5,32,0.132,"4"
4,6,0,1.882,"4"
4,6,1,1.616,"4"
4,6,8,1.158,"4"
4,6,32,1.084,"4"
4,7,0,1.876,"4"
4,7,1,1.827,"4"
4,7,8,0.145,"4"
4,7,32,0.128,"4"
4,8,0,1.893,"4"
4,8,1,1.847,"4"
4,8,8,0.165,"4"
4,8,32,0.128,"4"
4,9,0,1.87,"4"
4,9,1,1.899,"4"
4,9,8,0.155,"4"
4,9,32,0.136,"4"
4,10,0,1.836,"4"
4,10,1,1.808,"4"
4,10,8,0.148,"4"
4,10,32,0.207,"4"
4,11,0,1.855,"4"
4,11,1,1.803,"4"
4,11,8,0.135,"4"
4,11,32,0.132,"4"
4,12,0,1.244,"4"
4,12,1,1.538,"4"
4,12,8,0.168,"4"
4,12,32,0.162,"4"
5,1,0,1.865,"4"
5,1,1,1.825,"4"
5,1,8,1.668,"4"
5,1,32,1.648,"4"
5,2,0,1.85,"4"
5,2,1,1.808,"4"
5,2,8,1.653,"4"
5,2,32,1.626,"4"
5,3,0,1.861,"4"
5,3,1,1.809,"4"
5,3,8,1.67,"4"
5,3,32,1.651,"4"
5,4,0,1.849,"4"
5,4,1,1.826,"4"
5,4,8,1.709,"4"
5,4,32,1.693,"4"
5,5,0,1.82,"4"
5,5,1,1.794,"4"
5,5,8,1.693,"4"
5,5,32,1.633,"4"
5,6,0,1.846,"4"
5,6,1,1.79,"4"
5,6,8,1.631,"4"
5,6,32,1.61,"4"
5,7,0,1.836,"4"
5,7,1,1.791,"4"
5,7,8,1.614,"4"
5,7,32,1.542,"4"
5,8,0,1.842,"4"
5,8,1,1.797,"4"
5,8,8,1.614,"4"
5,8,32,1.553,"4"
5,9,0,1.84,"4"
5,9,1,1.789,"4"
5,9,8,1.668,"4"
5,9,32,1.642,"4"
5,10,0,1.818,"4"
5,10,1,1.794,"4"
5,10,8,1.647,"4"
5,10,32,1.639,"4"
5,11,0,1.835,"4"
5,11,1,1.782,"4"
5,11,8,1.65,"4"
5,11,32,1.587,"4"
5,12,0,1.829,"4"
5,12,1,1.786,"4"
5,12,8,1.687,"4"
5,12,32,1.634,"4"
6,1,0,1.802,"4"
6,1,1,1.803,"4"
6,1,8,0.334,"4"
6,1,32,0.308,"4"
6,2,0,1.812,"4"
6,2,1,1.831,"4"
6,2,8,0.331,"4"
6,2,32,0.264,"4"
6,3,0,1.763,"4"
6,3,1,1.797,"4"
6,3,8,0.318,"4"
6,3,32,0.315,"4"
6,4,0,1.869,"4"
6,4,1,1.854,"4"
6,4,8,0.232,"4"
6,4,32,0.211,"4"
6,5,0,1.779,"4"
6,5,1,1.796,"4"
6,5,8,0.29,"4"
6,5,32,0.279,"4"
6,6,0,1.864,"4"
6,6,1,1.838,"4"
6,6,8,0.196,"4"
6,6,32,0.184,"4"
6,7,0,1.834,"4"
6,7,1,1.816,"4"
6,7,8,0.198,"4"
6,7,32,0.198,"4"
6,8,0,1.795,"4"
6,8,1,1.771,"4"
6,8,8,0.242,"4"
6,8,32,0.242,"4"
6,9,0,1.824,"4"
6,9,1,1.808,"4"
6,9,8,0.185,"4"
6,9,32,0.184,"4"
6,10,0,1.824,"4"
6,10,1,1.841,"4"
6,10,8,0.293,"4"
6,10,32,0.262,"4"
6,11,0,1.691,"4"
6,11,1,1.681,"4"
6,11,8,0.318,"4"
6,11,32,0.291,"4"
6,12,0,1.734,"4"
6,12,1,1.794,"4"
6,12,8,0.207,"4"
6,12,32,0.171,"4"
7,1,0,1.686,"4"
7,1,1,1.594,"4"
7,1,8,0.213,"4"
7,1,32,0.21,"4"
7,2,0,1.81,"4"
7,2,1,1.789,"4"
7,2,8,0.249,"4"
7,2,32,0.136,"4"
7,3,0,1.844,"4"
7,3,1,1.807,"4"
7,3,8,0.316,"4"
7,3,32,0.201,"4"
7,4,0,1.83,"4"
7,4,1,1.77,"4"
7,4,8,0.294,"4"
7,4,32,0.242,"4"
7,5,0,1.729,"4"
7,5,1,1.732,"4"
7,5,8,0.233,"4"
7,5,32,0.23,"4"
7,6,0,1.842,"4"
7,6,1,1.807,"4"
7,6,8,0.24,"4"
7,6,32,0.134,"4"
7,7,0,1.858,"4"
7,7,1,1.747,"4"
7,7,8,0.233,"4"
7,7,32,0.146,"4"
7,8,0,1.857,"4"
7,8,1,1.808,"4"
7,8,8,0.16,"4"
7,8,32,0.141,"4"
7,9,0,1.824,"4"
7,9,1,1.784,"4"
7,9,8,0.182,"4"
7,9,32,0.163,"4"
7,10,0,1.825,"4"
7,10,1,1.676,"4"
7,10,8,0.533,"4"
7,10,32,0.183,"4"
7,11,0,1.799,"4"
7,11,1,1.731,"4"
7,11,8,0.426,"4"
7,11,32,0.198,"4"
7,12,0,1.807,"4"
7,12,1,1.433,"4"
7,12,8,0.238,"4"
7,12,32,0.133,"4"
8,1,0,1.76,"4"
8,1,1,1.805,"4"
8,1,8,0.336,"4"
8,1,32,0.443,"4"
8,2,0,1.835,"4"
8,2,1,1.828,"4"
8,2,8,0.417,"4"
8,2,32,0.382,"4"
8,3,0,1.834,"4"
8,3,1,1.824,"4"
8,3,8,0.166,"4"
8,3,32,0.22,"4"
8,4,0,1.848,"4"
8,4,1,1.817,"4"
8,4,8,0.29,"4"
8,4,32,0.237,"4"
8,5,0,1.777,"4"
8,5,1,1.732,"4"
8,5,8,0.451,"4"
8,5,32,0.191,"4"
8,6,0,1.786,"4"
8,6,1,1.725,"4"
8,6,8,0.511,"4"
8,6,32,0.552,"4"
8,7,0,1.683,"4"
8,7,1,1.459,"4"
8,7,8,0.24,"4"
8,7,32,0.136,"4"
8,8,0,1.822,"4"
8,8,1,1.75,"4"
8,8,8,0.208,"4"
8,8,32,0.195,"4"
8,9,0,1.81,"4"
8,9,1,1.794,"4"
8,9,8,0.222,"4"
8,9,32,0.266,"4"
8,10,0,1.794,"4"
8,10,1,1.68,"4"
8,10,8,0.25,"4"
8,10,32,0.212,"4"
8,11,0,1.787,"4"
8,11,1,1.729,"4"
8,11,8,0.141,"4"
8,11,32,0.135,"4"
8,12,0,1.803,"4"
8,12,1,1.777,"4"
8,12,8,0.182,"4"
8,12,32,0.203,"4"
9,1,0,1.871,"4"
9,1,1,0.815,"4"
9,1,8,0.443,"4"
9,1,32,0.291,"4"
9,2,0,1.703,"4"
9,2,1,0.849,"4"
9,2,8,0.357,"4"
9,2,32,0.259,"4"
9,3,0,1.836,"4"
9,3,1,1.468,"4"
9,3,8,0.256,"4"
9,3,32,0.145,"4"
9,4,0,1.858,"4"
9,4,1,1.792,"4"
9,4,8,0.316,"4"
9,4,32,0.199,"4"
9,5,0,1.791,"4"
9,5,1,1.065,"4"
9,5,8,0.379,"4"
9,5,32,0.266,"4"
9,6,0,1.781,"4"
9,6,1,0.521,"4"
9,6,8,0.27,"4"
9,6,32,0.204,"4"
9,7,0,1.747,"4"
9,7,1,0.743,"4"
9,7,8,0.257,"4"
9,7,32,0.216,"4"
9,8,0,1.846,"4"
9,8,1,1.831,"4"
9,8,8,0.146,"4"
9,8,32,0.139,"4"
9,9,0,1.838,"4"
9,9,1,0.483,"4"
9,9,8,0.281,"4"
9,9,32,0.227,"4"
9,10,0,1.679,"4"
9,10,1,0.489,"4"
9,10,8,0.409,"4"
9,10,32,0.302,"4"
9,11,0,1.3,"4"
9,11,1,0.812,"4"
9,11,8,0.232,"4"
9,11,32,0.161,"4"
9,12,0,1.457,"4"
9,12,1,0.79,"4"
9,12,8,0.419,"4"
9,12,32,0.209,"4"
10,1,0,1.831,"4"
10,1,1,1.62,"4"
10,1,8,1.413,"4"
10,1,32,1.452,"4"
10,2,0,1.795,"4"
10,2,1,1.584,"4"
10,2,8,1.51,"4"
10,2,32,1.471,"4"
10,3,0,1.828,"4"
10,3,1,1.79,"4"
10,3,8,0.163,"4"
10,3,32,0.14,"4"
10,4,0,1.828,"4"
10,4,1,1.6,"4"
10,4,8,1.416,"4"
10,4,32,1.313,"4"
10,5,0,1.811,"4"
10,5,1,1.753,"4"
10,5,8,0.327,"4"
10,5,32,0.192,"4"
10,6,0,1.809,"4"
10,6,1,1.617,"4"
10,6,8,1.492,"4"
10,6,32,1.323,"4"
10,7,0,1.815,"4"
10,7,1,1.547,"4"
10,7,8,1.363,"4"
10,7,32,1.185,"4"
10,8,0,1.732,"4"
10,8,1,1.773,"4"
10,8,8,0.705,"4"
10,8,32,0.514,"4"
10,9,0,1.801,"4"
10,9,1,1.493,"4"
10,9,8,1.238,"4"
10,9,32,0.995,"4"
10,10,0,1.762,"4"
10,10,1,1.749,"4"
10,10,8,1.435,"4"
10,10,32,1.281,"4"
10,11,0,1.817,"4"
10,11,1,1.519,"4"
10,11,8,1.293,"4"
10,11,32,1.251,"4"
10,12,0,1.793,"4"
10,12,1,1.781,"4"
10,12,8,0.427,"4"
10,12,32,0.325,"4"
11,1,0,1.876,"4"
11,1,1,1.075,"4"
11,1,8,0.906,"4"
11,1,32,0.83,"4"
11,2,0,1.831,"4"
11,2,1,1.795,"4"
11,2,8,0.215,"4"
11,2,32,0.299,"4"
11,3,0,1.832,"4"
11,3,1,1.812,"4"
11,3,8,0.243,"4"
11,3,32,0.236,"4"
11,4,0,1.844,"4"
11,4,1,0.789,"4"
11,4,8,0.845,"4"
11,4,32,0.735,"4"
11,5,0,1.854,"4"
11,5,1,1.075,"4"
11,5,8,0.877,"4"
11,5,32,0.734,"4"
11,6,0,1.835,"4"
11,6,1,1.241,"4"
11,6,8,0.961,"4"
11,6,32,1.045,"4"
11,7,0,1.853,"4"
11,7,1,1.301,"4"
11,7,8,1.259,"4"
11,7,32,1.012,"4"
11,8,0,1.821,"4"
11,8,1,1.588,"4"
11,8,8,1.432,"4"
11,8,32,1.257,"4"
11,9,0,1.814,"4"
11,9,1,1.338,"4"
11,9,8,0.61,"4"
11,9,32,0.565,"4"
11,10,0,1.832,"4"
11,10,1,0.694,"4"
11,10,8,0.62,"4"
11,10,32,0.477,"4"
11,11,0,1.851,"4"
11,11,1,0.727,"4"
11,11,8,0.606,"4"
11,11,32,0.589,"4"
11,12,0,1.811,"4"
11,12,1,0.594,"4"
11,12,8,0.525,"4"
11,12,32,0.418,"4"
12,1,0,1.804,"4"
12,1,1,1.785,"4"
12,1,8,1.767,"4"
12,1,32,1.744,"4"
12,2,0,1.739,"4"
12,2,1,1.709,"4"
12,2,8,1.74,"4"
12,2,32,1.73,"4"
12,3,0,1.784,"4"
12,3,1,1.763,"4"
12,3,8,1.765,"4"
12,3,32,1.732,"4"
12,4,0,1.775,"4"
12,4,1,1.747,"4"
12,4,8,1.761,"4"
12,4,32,1.755,"4"
12,5,0,1.779,"4"
12,5,1,1.77,"4"
12,5,8,1.756,"4"
12,5,32,1.739,"4"
12,6,0,1.777,"4"
12,6,1,1.765,"4"
12,6,8,1.767,"4"
12,6,32,1.736,"4"
12,7,0,1.745,"4"
12,7,1,1.744,"4"
12,7,8,1.731,"4"
12,7,32,1.72,"4"
12,8,0,1.665,"4"
12,8,1,1.647,"4"
12,8,8,1.628,"4"
12,8,32,1.682,"4"
12,9,0,1.788,"4"
12,9,1,1.77,"4"
12,9,8,1.743,"4"
12,9,32,1.734,"4"
12,10,0,1.774,"4"
12,10,1,1.765,"4"
12,10,8,1.734,"4"
12,10,32,1.717,"4"
12,11,0,1.78,"4"
12,11,1,1.784,"4"
12,11,8,1.759,"4"
12,11,32,1.74,"4"
12,12,0,1.739,"4"
12,12,1,1.743,"4"
12,12,8,1.73,"4"
12,12,32,1.679,"4"
13,1,0,1.746,"4"
13,1,1,1.743,"4"
13,1,8,0.238,"4"
13,1,32,0.198,"4"
13,2,0,1.391,"4"
13,2,1,1.385,"4"
13,2,8,0.382,"4"
13,2,32,0.359,"4"
13,3,0,1.656,"4"
13,3,1,1.626,"4"
13,3,8,0.291,"4"
13,3,32,0.192,"4"
13,4,0,1.413,"4"
13,4,1,1.397,"4"
13,4,8,0.33,"4"
13,4,32,0.186,"4"
13,5,0,1.508,"4"
13,5,1,1.351,"4"
13,5,8,0.283,"4"
13,5,32,0.229,"4"
13,6,0,1.657,"4"
13,6,1,1.644,"4"
13,6,8,0.215,"4"
13,6,32,0.232,"4"
13,7,0,1.615,"4"
13,7,1,1.591,"4"
13,7,8,0.146,"4"
13,7,32,0.154,"4"
13,8,0,1.757,"4"
13,8,1,1.761,"4"
13,8,8,0.176,"4"
13,8,32,0.154,"4"
13,9,0,1.744,"4"
13,9,1,1.729,"4"
13,9,8,0.155,"4"
13,9,32,0.147,"4"
13,10,0,1.596,"4"
13,10,1,1.609,"4"
13,10,8,0.196,"4"
13,10,32,0.196,"4"
13,11,0,1.675,"4"
13,11,1,1.589,"4"
13,11,8,0.153,"4"
13,11,32,0.183,"4"
13,12,0,1.608,"4"
13,12,1,1.544,"4"
13,12,8,0.249,"4"
13,12,32,0.202,"4"
14,1,0,1.811,"4"
14,1,1,1.793,"4"
14,1,8,0.197,"4"
14,1,32,0.158,"4"
14,2,0,1.554,"4"
14,2,1,1.364,"4"
14,2,8,0.209,"4"
14,2,32,0.199,"4"
14,3,0,1.804,"4"
14,3,1,1.732,"4"
14,3,8,0.254,"4"
14,3,32,0.219,"4"
14,4,0,1.814,"4"
14,4,1,1.01,"4"
14,4,8,0.387,"4"
14,4,32,0.142,"4"
14,5,0,1.835,"4"
14,5,1,1.838,"4"
14,5,8,0.157,"4"
14,5,32,0.134,"4"
14,6,0,1.761,"4"
14,6,1,1.086,"4"
14,6,8,0.729,"4"
14,6,32,0.578,"4"
14,7,0,1.752,"4"
14,7,1,1.072,"4"
14,7,8,0.862,"4"
14,7,32,0.648,"4"
14,8,0,1.311,"4"
14,8,1,1.45,"4"
14,8,8,0.436,"4"
14,8,32,0.417,"4"
14,9,0,1.834,"4"
14,9,1,0.971,"4"
14,9,8,0.247,"4"
14,9,32,0.365,"4"
14,10,0,1.76,"4"
14,10,1,1.775,"4"
14,10,8,0.159,"4"
14,10,32,0.14,"4"
14,11,0,1.349,"4"
14,11,1,1.274,"4"
14,11,8,0.176,"4"
14,11,32,0.143,"4"
14,12,0,1.696,"4"
14,12,1,1.111,"4"
14,12,8,0.709,"4"
14,12,32,0.533,"4"
15,1,0,1.574,"4"
15,1,1,1.227,"4"
15,1,8,0.495,"4"
15,1,32,0.457,"4"
15,2,0,1.462,"4"
15,2,1,1.408,"4"
15,2,8,0.154,"4"
15,2,32,0.147,"4"
15,3,0,1.47,"4"
15,3,1,1.436,"4"
15,3,8,0.15,"4"
15,3,32,0.146,"4"
15,4,0,1.243,"4"
15,4,1,1.373,"4"
15,4,8,0.146,"4"
15,4,32,0.144,"4"
15,5,0,1.331,"4"
15,5,1,1.334,"4"
15,5,8,0.181,"4"
15,5,32,0.143,"4"
15,6,0,1.387,"4"
15,6,1,1.441,"4"
15,6,8,0.245,"4"
15,6,32,0.175,"4"
15,7,0,1.299,"4"
15,7,1,1.432,"4"
15,7,8,0.166,"4"
15,7,32,0.14,"4"
15,8,0,1.588,"4"
15,8,1,1.412,"4"
15,8,8,0.181,"4"
15,8,32,0.145,"4"
15,9,0,1.361,"4"
15,9,1,1.221,"4"
15,9,8,0.192,"4"
15,9,32,0.209,"4"
15,10,0,1.581,"4"
15,10,1,1.523,"4"
15,10,8,0.205,"4"
15,10,32,0.147,"4"
15,11,0,1.548,"4"
15,11,1,1.494,"4"
15,11,8,0.156,"4"
15,11,32,0.146,"4"
15,12,0,1.396,"4"
15,12,1,1.464,"4"
15,12,8,0.158,"4"
15,12,32,0.141,"4"
16,1,0,1.836,"4"
16,1,1,1.83,"4"
16,1,8,0.31,"4"
16,1,32,0.353,"4"
16,2,0,1.812,"4"
16,2,1,1.769,"4"
16,2,8,0.413,"4"
16,2,32,0.249,"4"
16,3,0,1.787,"4"
16,3,1,1.753,"4"
16,3,8,0.255,"4"
16,3,32,0.221,"4"
16,4,0,1.815,"4"
16,4,1,1.767,"4"
16,4,8,0.704,"4"
16,4,32,0.437,"4"
16,5,0,1.8,"4"
16,5,1,1.735,"4"
16,5,8,0.396,"4"
16,5,32,0.314,"4"
16,6,0,1.758,"4"
16,6,1,1.697,"4"
16,6,8,0.587,"4"
16,6,32,0.49,"4"
16,7,0,1.759,"4"
16,7,1,1.73,"4"
16,7,8,0.31,"4"
16,7,32,0.265,"4"
16,8,0,1.758,"4"
16,8,1,1.728,"4"
16,8,8,0.328,"4"
16,8,32,0.292,"4"
16,9,0,1.739,"4"
16,9,1,1.741,"4"
16,9,8,0.486,"4"
16,9,32,0.367,"4"
16,10,0,1.763,"4"
16,10,1,1.719,"4"
16,10,8,0.42,"4"
16,10,32,0.211,"4"
16,11,0,1.703,"4"
16,11,1,1.729,"4"
16,11,8,0.199,"4"
16,11,32,0.171,"4"
16,12,0,1.753,"4"
16,12,1,1.754,"4"
16,12,8,0.198,"4"
16,12,32,0.196,"4"
17,1,0,1.803,"4"
17,1,1,1.742,"4"
17,1,8,0.977,"4"
17,1,32,1.048,"4"
17,2,0,1.827,"4"
17,2,1,1.748,"4"
17,2,8,1.785,"4"
17,2,32,1.784,"4"
17,3,0,1.634,"4"
17,3,1,1.547,"4"
17,3,8,0.285,"4"
17,3,32,0.14,"4"
17,4,0,0.772,"4"
17,4,1,0.847,"4"
17,4,8,0.151,"4"
17,4,32,0.143,"4"
17,5,0,1.656,"4"
17,5,1,1.581,"4"
17,5,8,0.203,"4"
17,5,32,0.155,"4"
17,6,0,1.535,"4"
17,6,1,1.334,"4"
17,6,8,0.143,"4"
17,6,32,0.135,"4"
17,7,0,1.478,"4"
17,7,1,1.224,"4"
17,7,8,0.145,"4"
17,7,32,0.135,"4"
17,8,0,1.702,"4"
17,8,1,1.519,"4"
17,8,8,0.172,"4"
17,8,32,0.144,"4"
17,9,0,1.6,"4"
17,9,1,1.624,"4"
17,9,8,0.187,"4"
17,9,32,0.153,"4"
17,10,0,1.594,"4"
17,10,1,0.987,"4"
17,10,8,0.212,"4"
17,10,32,0.219,"4"
17,11,0,1.335,"4"
17,11,1,1.198,"4"
17,11,8,0.137,"4"
17,11,32,0.165,"4"
17,12,0,1.195,"4"
17,12,1,1.355,"4"
17,12,8,0.136,"4"
17,12,32,0.139,"4"
18,1,0,1.861,"4"
18,1,1,1.85,"4"
18,1,8,0.786,"4"
18,1,32,0.407,"4"
18,2,0,1.841,"4"
18,2,1,1.819,"4"
18,2,8,0.369,"4"
18,2,32,0.415,"4"
18,3,0,1.819,"4"
18,3,1,1.802,"4"
18,3,8,1.301,"4"
18,3,32,0.398,"4"
18,4,0,1.795,"4"
18,4,1,1.777,"4"
18,4,8,1.351,"4"
18,4,32,0.55,"4"
18,5,0,1.806,"4"
18,5,1,1.815,"4"
18,5,8,1.017,"4"
18,5,32,0.443,"4"
18,6,0,1.797,"4"
18,6,1,1.784,"4"
18,6,8,0.859,"4"
18,6,32,0.481,"4"
18,7,0,1.789,"4"
18,7,1,1.778,"4"
18,7,8,1.093,"4"
18,7,32,0.348,"4"
18,8,0,1.759,"4"
18,8,1,1.77,"4"
18,8,8,0.466,"4"
18,8,32,0.513,"4"
18,9,0,1.78,"4"
18,9,1,1.802,"4"
18,9,8,1.015,"4"
18,9,32,0.339,"4"
18,10,0,1.741,"4"
18,10,1,1.785,"4"
18,10,8,0.411,"4"
18,10,32,0.423,"4"
18,11,0,1.783,"4"
18,11,1,1.795,"4"
18,11,8,1.021,"4"
18,11,32,0.428,"4"
18,12,0,1.745,"4"
18,12,1,1.778,"4"
18,12,8,0.524,"4"
18,12,32,0.305,"4"
19,1,0,1.774,"4"
19,1,1,1.738,"4"
19,1,8,0.258,"4"
19,1,32,0.33,"4"
19,2,0,1.806,"4"
19,2,1,1.845,"4"
19,2,8,0.376,"4"
19,2,32,0.444,"4"
19,3,0,1.856,"4"
19,3,1,1.831,"4"
19,3,8,0.513,"4"
19,3,32,0.582,"4"
19,4,0,1.887,"4"
19,4,1,1.845,"4"
19,4,8,0.371,"4"
19,4,32,0.556,"4"
19,5,0,1.851,"4"
19,5,1,1.817,"4"
19,5,8,0.375,"4"
19,5,32,0.409,"4"
19,6,0,1.791,"4"
19,6,1,1.683,"4"
19,6,8,0.374,"4"
19,6,32,0.411,"4"
19,7,0,1.868,"4"
19,7,1,1.867,"4"
19,7,8,0.224,"4"
19,7,32,0.172,"4"
19,8,0,1.924,"4"
19,8,1,1.998,"4"
19,8,8,2.011,"4"
19,8,32,2.04,"4"
19,9,0,1.734,"4"
19,9,1,1.711,"4"
19,9,8,1.379,"4"
19,9,32,1.218,"4"
19,10,0,1.736,"4"
19,10,1,1.743,"4"
19,10,8,0.61,"4"
19,10,32,0.642,"4"
19,11,0,1.761,"4"
19,11,1,1.794,"4"
19,11,8,0.265,"4"
19,11,32,0.288,"4"
19,12,0,1.684,"4"
19,12,1,1.604,"4"
19,12,8,0.277,"4"
19,12,32,0.396,"4"
20,1,0,1.871,"4"
20,1,1,1.839,"4"
20,1,8,0.269,"4"
20,1,32,0.245,"4"
20,2,0,1.825,"4"
20,2,1,1.778,"4"
20,2,8,0.639,"4"
20,2,32,0.491,"4"
20,3,0,1.844,"4"
20,3,1,1.797,"4"
20,3,8,0.692,"4"
20,3,32,0.6,"4"
20,4,0,1.852,"4"
20,4,1,1.813,"4"
20,4,8,0.44,"4"
20,4,32,0.383,"4"
20,5,0,1.769,"4"
20,5,1,1.777,"4"
20,5,8,0.464,"4"
20,5,32,0.262,"4"
20,6,0,1.784,"4"
20,6,1,1.764,"4"
20,6,8,0.571,"4"
20,6,32,0.333,"4"
20,7,0,1.803,"4"
20,7,1,1.795,"4"
20,7,8,0.372,"4"
20,7,32,0.242,"4"
20,8,0,1.805,"4"
20,8,1,1.79,"4"
20,8,8,0.455,"4"
20,8,32,0.653,"4"
20,9,0,1.797,"4"
20,9,1,1.807,"4"
20,9,8,0.316,"4"
20,9,32,0.196,"4"
20,10,0,1.78,"4"
20,10,1,1.766,"4"
20,10,8,0.237,"4"
20,10,32,0.209,"4"
20,11,0,1.81,"4"
20,11,1,1.684,"4"
20,11,8,0.466,"4"
20,11,32,0.35,"4"
20,12,0,1.768,"4"
20,12,1,1.768,"4"
20,12,8,0.326,"4"
20,12,32,0.279,"4"
1,1,0,1.818,"4b"
1,1,0.5,1.809,"4b"
1,1,1,1.817,"4b"
1,1,4,1.593,"4b"
1,2,0,1.784,"4b"
1,2,0.5,1.786,"4b"
1,2,1,1.793,"4b"
1,2,4,1.54,"4b"
1,3,0,1.787,"4b"
1,3,0.5,1.794,"4b"
1,3,1,1.802,"4b"
1,3,4,1.472,"4b"
1,4,0,1.811,"4b"
1,4,0.5,1.79,"4b"
1,4,1,1.816,"4b"
1,4,4,1.533,"4b"
1,5,0,1.736,"4b"
1,5,0.5,1.756,"4b"
1,5,1,1.794,"4b"
1,5,4,1.485,"4b"
1,6,0,1.755,"4b"
1,6,0.5,1.765,"4b"
1,6,1,1.795,"4b"
1,6,4,1.576,"4b"
1,7,0,1.773,"4b"
1,7,0.5,1.79,"4b"
1,7,1,1.801,"4b"
1,7,4,1.517,"4b"
1,8,0,1.797,"4b"
1,8,0.5,1.79,"4b"
1,8,1,1.836,"4b"
1,8,4,1.414,"4b"
1,9,0,1.753,"4b"
1,9,0.5,1.775,"4b"
1,9,1,1.812,"4b"
1,9,4,1.426,"4b"
1,10,0,1.744,"4b"
1,10,0.5,1.728,"4b"
1,10,1,1.775,"4b"
1,10,4,1.441,"4b"
1,11,0,1.773,"4b"
1,11,0.5,1.77,"4b"
1,11,1,1.8,"4b"
1,11,4,1.436,"4b"
1,12,0,1.776,"4b"
1,12,0.5,1.773,"4b"
1,12,1,1.791,"4b"
1,12,4,1.413,"4b"
2,1,0,1.76,"4b"
2,1,0.5,1.716,"4b"
2,1,1,1.627,"4b"
2,1,4,0.363,"4b"
2,2,0,1.703,"4b"
2,2,0.5,1.678,"4b"
2,2,1,1.363,"4b"
2,2,4,0.239,"4b"
2,3,0,1.753,"4b"
2,3,0.5,1.717,"4b"
2,3,1,1.718,"4b"
2,3,4,0.258,"4b"
2,4,0,1.788,"4b"
2,4,0.5,1.76,"4b"
2,4,1,1.762,"4b"
2,4,4,0.181,"4b"
2,5,0,1.683,"4b"
2,5,0.5,1.69,"4b"
2,5,1,1.544,"4b"
2,5,4,0.214,"4b"
2,6,0,1.692,"4b"
2,6,0.5,1.678,"4b"
2,6,1,1.683,"4b"
2,6,4,0.246,"4b"
2,7,0,1.645,"4b"
2,7,0.5,1.652,"4b"
2,7,1,1.613,"4b"
2,7,4,0.195,"4b"
2,8,0,1.738,"4b"
2,8,0.5,1.696,"4b"
2,8,1,1.597,"4b"
2,8,4,0.339,"4b"
2,9,0,1.687,"4b"
2,9,0.5,1.713,"4b"
2,9,1,1.694,"4b"
2,9,4,0.293,"4b"
2,10,0,1.705,"4b"
2,10,0.5,1.707,"4b"
2,10,1,1.646,"4b"
2,10,4,0.105,"4b"
2,11,0,1.681,"4b"
2,11,0.5,1.676,"4b"
2,11,1,1.657,"4b"
2,11,4,0.146,"4b"
2,12,0,1.724,"4b"
2,12,0.5,1.725,"4b"
2,12,1,1.636,"4b"
2,12,4,0.136,"4b"
3,1,0,1.83,"4b"
3,1,0.5,1.267,"4b"
3,1,1,1.194,"4b"
3,1,4,1.034,"4b"
3,2,0,1.806,"4b"
3,2,0.5,1.196,"4b"
3,2,1,1.129,"4b"
3,2,4,1.007,"4b"
3,3,0,1.744,"4b"
3,3,0.5,1.554,"4b"
3,3,1,1.504,"4b"
3,3,4,1.438,"4b"
3,4,0,1.782,"4b"
3,4,0.5,1.206,"4b"
3,4,1,1.208,"4b"
3,4,4,1.059,"4b"
3,5,0,1.764,"4b"
3,5,0.5,1.23,"4b"
3,5,1,1.219,"4b"
3,5,4,1.131,"4b"
3,6,0,1.752,"4b"
3,6,0.5,1.085,"4b"
3,6,1,1.157,"4b"
3,6,4,0.904,"4b"
3,7,0,1.771,"4b"
3,7,0.5,1.153,"4b"
3,7,1,1.184,"4b"
3,7,4,0.848,"4b"
3,8,0,1.784,"4b"
3,8,0.5,1.315,"4b"
3,8,1,1.325,"4b"
3,8,4,1.177,"4b"
3,9,0,1.709,"4b"
3,9,0.5,1.262,"4b"
3,9,1,1.227,"4b"
3,9,4,1.138,"4b"
3,10,0,1.76,"4b"
3,10,0.5,1.126,"4b"
3,10,1,1.087,"4b"
3,10,4,0.787,"4b"
3,11,0,1.756,"4b"
3,11,0.5,1.088,"4b"
3,11,1,0.9,"4b"
3,11,4,0.795,"4b"
3,12,0,1.745,"4b"
3,12,0.5,1.045,"4b"
3,12,1,1.338,"4b"
3,12,4,0.603,"4b"
4,1,0,1.674,"4b"
4,1,0.5,1.69,"4b"
4,1,1,1.683,"4b"
4,1,4,0.776,"4b"
4,2,0,1.721,"4b"
4,2,0.5,1.753,"4b"
4,2,1,1.768,"4b"
4,2,4,0.459,"4b"
4,3,0,1.785,"4b"
4,3,0.5,1.796,"4b"
4,3,1,1.786,"4b"
4,3,4,0.463,"4b"
4,4,0,1.784,"4b"
4,4,0.5,1.758,"4b"
4,4,1,1.788,"4b"
4,4,4,1.099,"4b"
4,5,0,1.769,"4b"
4,5,0.5,1.749,"4b"
4,5,1,1.746,"4b"
4,5,4,0.225,"4b"
4,6,0,1.705,"4b"
4,6,0.5,1.735,"4b"
4,6,1,1.472,"4b"
4,6,4,1.146,"4b"
4,7,0,1.77,"4b"
4,7,0.5,1.791,"4b"
4,7,1,1.773,"4b"
4,7,4,0.264,"4b"
4,8,0,1.729,"4b"
4,8,0.5,1.758,"4b"
4,8,1,1.77,"4b"
4,8,4,0.31,"4b"
4,9,0,1.75,"4b"
4,9,0.5,1.761,"4b"
4,9,1,1.751,"4b"
4,9,4,0.209,"4b"
4,10,0,1.685,"4b"
4,10,0.5,1.735,"4b"
4,10,1,1.683,"4b"
4,10,4,0.244,"4b"
4,11,0,1.737,"4b"
4,11,0.5,1.737,"4b"
4,11,1,1.7,"4b"
4,11,4,0.208,"4b"
4,12,0,1.669,"4b"
4,12,0.5,1.655,"4b"
4,12,1,1.712,"4b"
4,12,4,0.693,"4b"
5,1,0,1.744,"4b"
5,1,0.5,1.723,"4b"
5,1,1,1.615,"4b"
5,1,4,1.46,"4b"
5,2,0,1.726,"4b"
5,2,0.5,1.702,"4b"
5,2,1,1.626,"4b"
5,2,4,1.461,"4b"
5,3,0,1.762,"4b"
5,3,0.5,1.687,"4b"
5,3,1,1.611,"4b"
5,3,4,1.48,"4b"
5,4,0,1.777,"4b"
5,4,0.5,1.687,"4b"
5,4,1,1.624,"4b"
5,4,4,1.522,"4b"
5,5,0,1.687,"4b"
5,5,0.5,1.575,"4b"
5,5,1,1.595,"4b"
5,5,4,1.529,"4b"
5,6,0,1.699,"4b"
5,6,0.5,1.67,"4b"
5,6,1,1.573,"4b"
5,6,4,1.454,"4b"
5,7,0,1.716,"4b"
5,7,0.5,1.667,"4b"
5,7,1,1.565,"4b"
5,7,4,1.434,"4b"
5,8,0,1.716,"4b"
5,8,0.5,1.683,"4b"
5,8,1,1.597,"4b"
5,8,4,1.462,"4b"
5,9,0,1.722,"4b"
5,9,0.5,1.669,"4b"
5,9,1,1.571,"4b"
5,9,4,1.335,"4b"
5,10,0,1.695,"4b"
5,10,0.5,1.69,"4b"
5,10,1,1.58,"4b"
5,10,4,1.429,"4b"
5,11,0,1.722,"4b"
5,11,0.5,1.719,"4b"
5,11,1,1.576,"4b"
5,11,4,1.469,"4b"
5,12,0,1.656,"4b"
5,12,0.5,1.651,"4b"
5,12,1,1.586,"4b"
5,12,4,1.439,"4b"
6,1,0,1.631,"4b"
6,1,0.5,1.645,"4b"
6,1,1,1.647,"4b"
6,1,4,0.872,"4b"
6,2,0,1.696,"4b"
6,2,0.5,1.703,"4b"
6,2,1,1.741,"4b"
6,2,4,0.559,"4b"
6,3,0,1.701,"4b"
6,3,0.5,1.717,"4b"
6,3,1,1.721,"4b"
6,3,4,0.62,"4b"
6,4,0,1.786,"4b"
6,4,0.5,1.774,"4b"
6,4,1,1.817,"4b"
6,4,4,0.689,"4b"
6,5,0,1.711,"4b"
6,5,0.5,1.692,"4b"
6,5,1,1.731,"4b"
6,5,4,0.647,"4b"
6,6,0,1.706,"4b"
6,6,0.5,1.719,"4b"
6,6,1,1.76,"4b"
6,6,4,0.392,"4b"
6,7,0,1.756,"4b"
6,7,0.5,1.779,"4b"
6,7,1,1.794,"4b"
6,7,4,0.434,"4b"
6,8,0,1.682,"4b"
6,8,0.5,1.7,"4b"
6,8,1,1.726,"4b"
6,8,4,0.599,"4b"
6,9,0,1.766,"4b"
6,9,0.5,1.773,"4b"
6,9,1,1.771,"4b"
6,9,4,0.52,"4b"
6,10,0,1.746,"4b"
6,10,0.5,1.744,"4b"
6,10,1,1.769,"4b"
6,10,4,0.345,"4b"
6,11,0,1.658,"4b"
6,11,0.5,1.677,"4b"
6,11,1,1.694,"4b"
6,11,4,0.268,"4b"
6,12,0,1.703,"4b"
6,12,0.5,1.729,"4b"
6,12,1,1.754,"4b"
6,12,4,0.273,"4b"
7,1,0,1.644,"4b"
7,1,0.5,1.68,"4b"
7,1,1,1.653,"4b"
7,1,4,0.444,"4b"
7,2,0,1.713,"4b"
7,2,0.5,1.704,"4b"
7,2,1,1.715,"4b"
7,2,4,0.616,"4b"
7,3,0,1.724,"4b"
7,3,0.5,1.731,"4b"
7,3,1,1.731,"4b"
7,3,4,1.057,"4b"
7,4,0,1.709,"4b"
7,4,0.5,1.679,"4b"
7,4,1,1.733,"4b"
7,4,4,0.937,"4b"
7,5,0,1.68,"4b"
7,5,0.5,1.68,"4b"
7,5,1,1.702,"4b"
7,5,4,0.852,"4b"
7,6,0,1.69,"4b"
7,6,0.5,1.705,"4b"
7,6,1,1.738,"4b"
7,6,4,0.737,"4b"
7,7,0,1.67,"4b"
7,7,0.5,1.689,"4b"
7,7,1,1.712,"4b"
7,7,4,0.942,"4b"
7,8,0,1.761,"4b"
7,8,0.5,1.733,"4b"
7,8,1,1.791,"4b"
7,8,4,0.579,"4b"
7,9,0,1.714,"4b"
7,9,0.5,1.719,"4b"
7,9,1,1.751,"4b"
7,9,4,0.72,"4b"
7,10,0,1.639,"4b"
7,10,0.5,1.646,"4b"
7,10,1,1.694,"4b"
7,10,4,0.629,"4b"
7,11,0,1.66,"4b"
7,11,0.5,1.676,"4b"
7,11,1,1.727,"4b"
7,11,4,0.55,"4b"
7,12,0,1.733,"4b"
7,12,0.5,1.669,"4b"
7,12,1,1.732,"4b"
7,12,4,0.246,"4b"
8,1,0,1.796,"4b"
8,1,0.5,1.746,"4b"
8,1,1,1.757,"4b"
8,1,4,0.997,"4b"
8,2,0,1.776,"4b"
8,2,0.5,1.771,"4b"
8,2,1,1.789,"4b"
8,2,4,1.353,"4b"
8,3,0,1.749,"4b"
8,3,0.5,1.733,"4b"
8,3,1,1.762,"4b"
8,3,4,0.624,"4b"
8,4,0,1.804,"4b"
8,4,0.5,1.758,"4b"
8,4,1,1.813,"4b"
8,4,4,1.194,"4b"
8,5,0,1.715,"4b"
8,5,0.5,1.703,"4b"
8,5,1,1.751,"4b"
8,5,4,1.68,"4b"
8,6,0,1.694,"4b"
8,6,0.5,1.646,"4b"
8,6,1,1.706,"4b"
8,6,4,0.746,"4b"
8,7,0,1.692,"4b"
8,7,0.5,1.616,"4b"
8,7,1,1.678,"4b"
8,7,4,0.691,"4b"
8,8,0,1.778,"4b"
8,8,0.5,1.734,"4b"
8,8,1,1.795,"4b"
8,8,4,1.13,"4b"
8,9,0,1.77,"4b"
8,9,0.5,1.732,"4b"
8,9,1,1.759,"4b"
8,9,4,1.185,"4b"
8,10,0,1.667,"4b"
8,10,0.5,1.59,"4b"
8,10,1,1.635,"4b"
8,10,4,0.227,"4b"
8,11,0,1.679,"4b"
8,11,0.5,1.654,"4b"
8,11,1,1.726,"4b"
8,11,4,0.281,"4b"
8,12,0,1.707,"4b"
8,12,0.5,1.691,"4b"
8,12,1,1.717,"4b"
8,12,4,0.157,"4b"
9,1,0,1.736,"4b"
9,1,1,0.5785,"4b"
9,1,4,0.32,"4b"
9,2,0,1.588,"4b"
9,2,1,0.725,"4b"
9,2,4,0.237,"4b"
9,3,0,1.656,"4b"
9,3,1,0.6735,"4b"
9,3,4,0.181,"4b"
9,4,0,1.575,"4b"
9,4,1,1.4105,"4b"
9,4,4,0.264,"4b"
9,5,0,1.697,"4b"
9,5,1,1.14,"4b"
9,5,4,0.434,"4b"
9,6,0,1.706,"4b"
9,6,1,0.609,"4b"
9,6,4,0.204,"4b"
9,7,0,1.611,"4b"
9,7,1,0.769,"4b"
9,7,4,0.34,"4b"
9,8,0,1.744,"4b"
9,8,1,1.757,"4b"
9,8,4,0.223,"4b"
9,9,0,1.706,"4b"
9,9,1,0.572,"4b"
9,9,4,0.218,"4b"
9,10,0,1.566,"4b"
9,10,1,1.4335,"4b"
9,10,4,0.431,"4b"
9,11,0,1.712,"4b"
9,11,1,0.4125,"4b"
9,11,4,0.148,"4b"
9,12,0,1.249,"4b"
9,12,1,0.763,"4b"
9,12,4,0.445,"4b"
10,1,0,1.681,"4b"
10,1,1,1.3225,"4b"
10,1,4,0.76,"4b"
10,2,0,1.692,"4b"
10,2,1,1.3695,"4b"
10,2,4,0.949,"4b"
10,3,0,1.572,"4b"
10,3,1,1.4315,"4b"
10,3,4,0.255,"4b"
10,4,0,1.718,"4b"
10,4,1,1.422,"4b"
10,4,4,0.924,"4b"
10,5,0,1.654,"4b"
10,5,1,1.636,"4b"
10,5,4,0.456,"4b"
10,6,0,1.689,"4b"
10,6,1,0.9655,"4b"
10,6,4,0.738,"4b"
10,7,0,1.7,"4b"
10,7,1,1.0435,"4b"
10,7,4,0.65,"4b"
10,8,0,1.516,"4b"
10,8,1,1.486,"4b"
10,8,4,0.707,"4b"
10,9,0,1.665,"4b"
10,9,1,0.7905,"4b"
10,9,4,0.296,"4b"
10,10,0,1.644,"4b"
10,10,1,1.4725,"4b"
10,10,4,0.703,"4b"
10,11,0,1.704,"4b"
10,11,1,0.906,"4b"
10,11,4,0.523,"4b"
10,12,0,1.604,"4b"
10,12,1,1.649,"4b"
10,12,4,0.661,"4b"
11,1,0,1.71,"4b"
11,1,1,1.3615,"4b"
11,1,4,1.017,"4b"
11,2,0,1.692,"4b"
11,2,1,1.7005,"4b"
11,2,4,0.68,"4b"
11,3,0,1.694,"4b"
11,3,1,1.677,"4b"
11,3,4,0.476,"4b"
11,4,0,1.684,"4b"
11,4,1,1.3165,"4b"
11,4,4,1.309,"4b"
11,5,0,1.685,"4b"
11,5,1,1.213,"4b"
11,5,4,0.954,"4b"
11,6,0,1.661,"4b"
11,6,1,1.3825,"4b"
11,6,4,1.187,"4b"
11,7,0,1.723,"4b"
11,7,1,1.2495,"4b"
11,7,4,0.913,"4b"
11,8,0,1.723,"4b"
11,8,1,1.5195,"4b"
11,8,4,1.331,"4b"
11,9,0,1.683,"4b"
11,9,1,0.881,"4b"
11,9,4,0.795,"4b"
11,10,0,1.697,"4b"
11,10,1,0.649,"4b"
11,10,4,0.36,"4b"
11,11,0,1.74,"4b"
11,11,1,1.011,"4b"
11,11,4,0.734,"4b"
11,12,0,1.735,"4b"
11,12,1,0.6025,"4b"
11,12,4,0.472,"4b"
12,1,0,1.575,"4b"
12,1,1,1.583,"4b"
12,1,4,1.548,"4b"
12,2,0,1.582,"4b"
12,2,1,1.602,"4b"
12,2,4,1.575,"4b"
12,3,0,1.536,"4b"
12,3,1,1.5505,"4b"
12,3,4,1.489,"4b"
12,4,0,1.596,"4b"
12,4,1,1.6055,"4b"
12,4,4,1.536,"4b"
12,5,0,1.528,"4b"
12,5,1,1.521,"4b"
12,5,4,1.543,"4b"
12,6,0,1.591,"4b"
12,6,1,1.6185,"4b"
12,6,4,1.578,"4b"
12,7,0,1.601,"4b"
12,7,1,1.6465,"4b"
12,7,4,1.596,"4b"
12,8,0,1.596,"4b"
12,8,1,1.625,"4b"
12,8,4,1.267,"4b"
12,9,0,1.581,"4b"
12,9,1,1.6285,"4b"
12,9,4,1.605,"4b"
12,10,0,1.523,"4b"
12,10,1,1.5555,"4b"
12,10,4,1.575,"4b"
12,11,0,1.582,"4b"
12,11,1,1.5445,"4b"
12,11,4,1.51,"4b"
12,12,0,1.596,"4b"
12,12,1,1.5695,"4b"
12,12,4,1.597,"4b"
13,1,0,1.623,"4b"
13,1,1,1.612,"4b"
13,1,4,0.153,"4b"
13,2,0,1.547,"4b"
13,2,1,1.447,"4b"
13,2,4,0.328,"4b"
13,3,0,1.65,"4b"
13,3,1,1.607,"4b"
13,3,4,0.215,"4b"
13,4,0,1.607,"4b"
13,4,1,1.4435,"4b"
13,4,4,0.196,"4b"
13,5,0,1.387,"4b"
13,5,1,0.7935,"4b"
13,5,4,0.099,"4b"
13,6,0,1.618,"4b"
13,6,1,1.598,"4b"
13,6,4,0.197,"4b"
13,7,0,1.612,"4b"
13,7,1,1.626,"4b"
13,7,4,0.11,"4b"
13,8,0,1.694,"4b"
13,8,1,1.7025,"4b"
13,8,4,0.07,"4b"
13,9,0,1.641,"4b"
13,9,1,1.6855,"4b"
13,9,4,0.062,"4b"
13,10,0,0.977,"4b"
13,10,1,0.971,"4b"
13,10,4,0.086,"4b"
13,11,0,1.541,"4b"
13,11,1,1.6015,"4b"
13,11,4,0.056,"4b"
13,12,0,1.631,"4b"
13,12,1,1.583,"4b"
13,12,4,0.202,"4b"
14,1,0,1.719,"4b"
14,1,1,1.668,"4b"
14,1,4,0.447,"4b"
14,2,0,1.466,"4b"
14,2,1,1.381,"4b"
14,2,4,0.118,"4b"
14,3,0,1.669,"4b"
14,3,1,1.606,"4b"
14,3,4,0.164,"4b"
14,4,0,1.722,"4b"
14,4,1,0.724,"4b"
14,4,4,0.288,"4b"
14,5,0,1.699,"4b"
14,5,1,1.718,"4b"
14,5,4,0.149,"4b"
14,6,0,1.67,"4b"
14,6,1,0.842,"4b"
14,6,4,0.328,"4b"
14,7,0,1.684,"4b"
14,7,1,0.553,"4b"
14,7,4,0.322,"4b"
14,8,0,1.523,"4b"
14,8,1,1.4785,"4b"
14,8,4,0.217,"4b"
14,9,0,1.656,"4b"
14,9,1,0.4875,"4b"
14,9,4,0.176,"4b"
14,10,0,1.68,"4b"
14,10,1,1.697,"4b"
14,10,4,0.126,"4b"
14,11,0,1.417,"4b"
14,11,1,1.014,"4b"
14,11,4,0.093,"4b"
14,12,0,1.652,"4b"
14,12,1,0.478,"4b"
14,12,4,0.313,"4b"
15,1,0,1.533,"4b"
15,1,1,1.5175,"4b"
15,1,4,0.375,"4b"
15,2,0,1.555,"4b"
15,2,1,1.574,"4b"
15,2,4,0.081,"4b"
15,3,0,1.521,"4b"
15,3,1,1.5495,"4b"
15,3,4,0.091,"4b"
15,4,0,1.492,"4b"
15,4,1,1.545,"4b"
15,4,4,0.102,"4b"
15,5,0,1.494,"4b"
15,5,1,1.554,"4b"
15,5,4,0.087,"4b"
15,6,0,1.536,"4b"
15,6,1,1.292,"4b"
15,6,4,0.252,"4b"
15,7,0,1.487,"4b"
15,7,1,1.533,"4b"
15,7,4,0.107,"4b"
15,8,0,1.594,"4b"
15,8,1,1.5695,"4b"
15,8,4,0.21,"4b"
15,9,0,1.465,"4b"
15,9,1,1.51,"4b"
15,9,4,0.154,"4b"
15,10,0,1.567,"4b"
15,10,1,1.581,"4b"
15,10,4,0.17,"4b"
15,11,0,1.551,"4b"
15,11,1,1.58,"4b"
15,11,4,0.872,"4b"
15,12,0,1.516,"4b"
15,12,1,1.5265,"4b"
15,12,4,0.527,"4b"
16,1,0,1.618,"4b"
16,1,1,1.5155,"4b"
16,1,4,0.126,"4b"
16,2,0,1.681,"4b"
16,2,1,1.679,"4b"
16,2,4,0.385,"4b"
16,3,0,1.707,"4b"
16,3,1,1.7265,"4b"
16,3,4,0.099,"4b"
16,4,0,1.701,"4b"
16,4,1,1.6835,"4b"
16,4,4,0.488,"4b"
16,5,0,1.686,"4b"
16,5,1,1.6415,"4b"
16,5,4,0.205,"4b"
16,6,0,1.663,"4b"
16,6,1,1.6555,"4b"
16,6,4,0.611,"4b"
16,7,0,1.719,"4b"
16,7,1,1.732,"4b"
16,7,4,0.26,"4b"
16,8,0,1.7,"4b"
16,8,1,1.75,"4b"
16,8,4,0.422,"4b"
16,9,0,1.653,"4b"
16,9,1,1.684,"4b"
16,9,4,0.382,"4b"
16,10,0,1.665,"4b"
16,10,1,1.6265,"4b"
16,10,4,0.226,"4b"
16,11,0,1.706,"4b"
16,11,1,1.688,"4b"
16,11,4,0.212,"4b"
16,12,0,1.657,"4b"
16,12,1,1.709,"4b"
16,12,4,0.189,"4b"
17,1,0,1.669,"4b"
17,1,1,1.611,"4b"
17,1,4,1.217,"4b"
17,2,0,1.696,"4b"
17,2,1,1.6205,"4b"
17,2,4,1.598,"4b"
17,3,0,1.643,"4b"
17,3,1,1.565,"4b"
17,3,4,0.212,"4b"
17,4,0,1.536,"4b"
17,4,1,1.491,"4b"
17,4,4,0.188,"4b"
17,5,0,1.655,"4b"
17,5,1,1.603,"4b"
17,5,4,0.181,"4b"
17,6,0,1.59,"4b"
17,6,1,1.5325,"4b"
17,6,4,0.128,"4b"
17,7,0,1.594,"4b"
17,7,1,1.565,"4b"
17,7,4,0.169,"4b"
17,8,0,1.661,"4b"
17,8,1,1.482,"4b"
17,8,4,0.157,"4b"
17,9,0,1.6,"4b"
17,9,1,1.6195,"4b"
17,9,4,0.228,"4b"
17,10,0,1.661,"4b"
17,10,1,0.802,"4b"
17,10,4,0.283,"4b"
17,11,0,1.584,"4b"
17,11,1,1.517,"4b"
17,11,4,0.157,"4b"
17,12,0,1.59,"4b"
17,12,1,1.473,"4b"
17,12,4,0.09,"4b"
18,1,0,1.71,"4b"
18,1,1,1.6925,"4b"
18,1,4,1.687,"4b"
18,2,0,1.696,"4b"
18,2,1,1.714,"4b"
18,2,4,1.67,"4b"
18,3,0,1.696,"4b"
18,3,1,1.711,"4b"
18,3,4,1.688,"4b"
18,4,0,1.689,"4b"
18,4,1,1.722,"4b"
18,4,4,1.659,"4b"
18,5,0,1.68,"4b"
18,5,1,1.7245,"4b"
18,5,4,1.683,"4b"
18,6,0,1.707,"4b"
18,6,1,1.73,"4b"
18,6,4,1.691,"4b"
18,7,0,1.701,"4b"
18,7,1,1.729,"4b"
18,7,4,1.679,"4b"
18,8,0,1.708,"4b"
18,8,1,1.741,"4b"
18,8,4,1.687,"4b"
18,9,0,1.695,"4b"
18,9,1,1.741,"4b"
18,9,4,1.708,"4b"
18,10,0,1.692,"4b"
18,10,1,1.7295,"4b"
18,10,4,1.701,"4b"
18,11,0,1.709,"4b"
18,11,1,1.7445,"4b"
18,11,4,1.703,"4b"
18,12,0,1.705,"4b"
18,12,1,1.709,"4b"
18,12,4,1.683,"4b"
19,1,0,1.667,"4b"
19,1,1,1.634,"4b"
19,1,4,1.104,"4b"
19,2,0,1.71,"4b"
19,2,1,1.7055,"4b"
19,2,4,1.105,"4b"
19,3,0,1.7,"4b"
19,3,1,1.645,"4b"
19,3,4,0.969,"4b"
19,4,0,1.739,"4b"
19,4,1,1.7565,"4b"
19,4,4,0.424,"4b"
19,5,0,1.627,"4b"
19,5,1,1.6275,"4b"
19,5,4,0.602,"4b"
19,6,0,1.641,"4b"
19,6,1,1.635,"4b"
19,6,4,0.709,"4b"
19,7,0,1.724,"4b"
19,7,1,1.7515,"4b"
19,7,4,0.322,"4b"
19,8,0,1.943,"4b"
19,8,1,1.9635,"4b"
19,8,4,1.959,"4b"
19,9,0,1.634,"4b"
19,9,1,1.6495,"4b"
19,9,4,1.28,"4b"
19,10,0,1.678,"4b"
19,10,1,1.5975,"4b"
19,10,4,0.59,"4b"
19,11,0,1.717,"4b"
19,11,1,1.718,"4b"
19,11,4,0.545,"4b"
19,12,0,1.714,"4b"
19,12,1,1.613,"4b"
19,12,4,0.839,"4b"
20,1,0,1.693,"4b"
20,1,1,1.677,"4b"
20,1,4,0.578,"4b"
20,2,0,1.695,"4b"
20,2,1,1.6895,"4b"
20,2,4,0.478,"4b"
20,3,0,1.684,"4b"
20,3,1,1.6875,"4b"
20,3,4,0.638,"4b"
20,4,0,1.709,"4b"
20,4,1,1.7175,"4b"
20,4,4,0.673,"4b"
20,5,0,1.664,"4b"
20,5,1,1.706,"4b"
20,5,4,0.317,"4b"
20,6,0,1.691,"4b"
20,6,1,1.6865,"4b"
20,6,4,0.354,"4b"
20,7,0,1.695,"4b"
20,7,1,1.717,"4b"
20,7,4,0.284,"4b"
20,8,0,1.717,"4b"
20,8,1,1.735,"4b"
20,8,4,0.653,"4b"
20,9,0,1.674,"4b"
20,9,1,1.7135,"4b"
20,9,4,0.463,"4b"
20,10,0,1.699,"4b"
20,10,1,1.7225,"4b"
20,10,4,0.518,"4b"
20,11,0,1.701,"4b"
20,11,1,1.715,"4b"
20,11,4,0.2,"4b"
20,12,0,1.691,"4b"
20,12,1,1.6855,"4b"
20,12,4,0.471,"4b"
1,1,0,1.6695,"6"
1,1,8,0.1805,"6"
1,1,32,0.097,"6"
1,1,128,0.1095,"6"
1,2,0,1.641,"6"
1,2,8,0.0605,"6"
1,2,32,0.0305,"6"
1,2,128,0.039,"6"
1,3,0,1.654,"6"
1,3,8,0.1035,"6"
1,3,32,0.0325,"6"
1,3,128,0.035,"6"
1,4,0,1.6835,"6"
1,4,8,0.176,"6"
1,4,32,0.1065,"6"
1,4,128,0.1365,"6"
1,5,0,1.6495,"6"
1,5,8,0.123,"6"
1,5,32,0.0325,"6"
1,5,128,0.075,"6"
1,6,0,1.652,"6"
1,6,8,0.127,"6"
1,6,32,0.0595,"6"
1,6,128,0.0815,"6"
1,7,0,1.6715,"6"
1,7,8,0.1465,"6"
1,7,32,0.04,"6"
1,7,128,0.0925,"6"
1,8,0,1.6905,"6"
1,8,8,0.1295,"6"
1,8,32,0.052,"6"
1,8,128,0.1195,"6"
1,9,0,1.617,"6"
1,9,8,0.0345,"6"
1,9,32,0.011,"6"
1,9,128,0.0345,"6"
1,10,0,1.6575,"6"
1,10,8,0.1705,"6"
1,10,32,0.0595,"6"
1,10,128,0.1125,"6"
1,11,0,1.648,"6"
1,11,8,0.048,"6"
1,11,32,0.013,"6"
1,11,128,0.02,"6"
1,12,0,1.6555,"6"
1,12,8,0.158,"6"
1,12,32,0.076,"6"
1,12,128,0.1235,"6"
2,1,0,1.5285,"6"
2,1,8,0.0205,"6"
2,1,32,0.0175,"6"
2,1,128,0.0255,"6"
2,2,0,1.51,"6"
2,2,8,0.034,"6"
2,2,32,0.023,"6"
2,2,128,0.0275,"6"
2,3,0,1.624,"6"
2,3,8,0.0165,"6"
2,3,32,0.015,"6"
2,3,128,0.0185,"6"
2,4,0,1.674,"6"
2,4,8,0.029,"6"
2,4,32,0.023,"6"
2,4,128,0.0235,"6"
2,5,0,1.5695,"6"
2,5,8,0.01,"6"
2,5,32,0.00950000000000001,"6"
2,5,128,0.0125,"6"
2,6,0,1.4305,"6"
2,6,8,0.0115,"6"
2,6,32,0.00950000000000001,"6"
2,6,128,0.012,"6"
2,7,0,1.6095,"6"
2,7,8,0.0155,"6"
2,7,32,0.00700000000000001,"6"
2,7,128,0.016,"6"
2,8,0,1.635,"6"
2,8,8,0.029,"6"
2,8,32,0.0185,"6"
2,8,128,0.0575,"6"
2,9,0,1.599,"6"
2,9,8,0.00700000000000001,"6"
2,9,32,0.00800000000000001,"6"
2,9,128,0.0115,"6"
2,10,0,1.341,"6"
2,10,8,0.00650000000000001,"6"
2,10,32,0.00650000000000001,"6"
2,10,128,0.00900000000000001,"6"
2,11,0,1.6285,"6"
2,11,8,0.00950000000000001,"6"
2,11,32,0.0105,"6"
2,11,128,0.013,"6"
2,12,0,1.6115,"6"
2,12,8,0.032,"6"
2,12,32,0.0345,"6"
2,12,128,0.0345,"6"
3,1,0,1.6235,"6"
3,1,8,1.0635,"6"
3,1,32,1.032,"6"
3,1,128,1.009,"6"
3,2,0,1.6165,"6"
3,2,8,1.076,"6"
3,2,32,1.039,"6"
3,2,128,0.987,"6"
3,3,0,1.623,"6"
3,3,8,1.2805,"6"
3,3,32,1.2455,"6"
3,3,128,1.2165,"6"
3,4,0,1.605,"6"
3,4,8,0.7885,"6"
3,4,32,0.752,"6"
3,4,128,0.731,"6"
3,5,0,1.575,"6"
3,5,8,0.92,"6"
3,5,32,0.8345,"6"
3,5,128,0.7335,"6"
3,6,0,1.561,"6"
3,6,8,0.659,"6"
3,6,32,0.5925,"6"
3,6,128,0.5885,"6"
3,7,0,1.606,"6"
3,7,8,0.5225,"6"
3,7,32,0.485,"6"
3,7,128,0.507,"6"
3,8,0,1.618,"6"
3,8,8,1.1365,"6"
3,8,32,0.9815,"6"
3,8,128,1.0865,"6"
3,9,0,1.5985,"6"
3,9,8,0.9155,"6"
3,9,32,0.872,"6"
3,9,128,0.8495,"6"
3,10,0,1.621,"6"
3,10,8,0.869,"6"
3,10,32,0.752,"6"
3,10,128,0.7925,"6"
3,11,0,1.6,"6"
3,11,8,0.837,"6"
3,11,32,0.7815,"6"
3,11,128,0.6585,"6"
3,12,0,1.5505,"6"
3,12,8,0.8,"6"
3,12,32,0.769,"6"
3,12,128,0.7395,"6"
4,1,0,1.555,"6"
4,1,8,0.509,"6"
4,1,32,0.396,"6"
4,1,128,0.401,"6"
4,2,0,1.63,"6"
4,2,8,0.074,"6"
4,2,32,0.0625,"6"
4,2,128,0.1275,"6"
4,3,0,1.691,"6"
4,3,8,0.031,"6"
4,3,32,0.027,"6"
4,3,128,0.0255,"6"
4,4,0,1.675,"6"
4,4,8,0.1765,"6"
4,4,32,0.1,"6"
4,4,128,0.115,"6"
4,5,0,1.546,"6"
4,5,8,0.015,"6"
4,5,32,0.036,"6"
4,5,128,0.0475,"6"
4,6,0,1.6375,"6"
4,6,8,1.2125,"6"
4,6,32,1.158,"6"
4,6,128,1.195,"6"
4,7,0,1.714,"6"
4,7,8,0.017,"6"
4,7,32,0.013,"6"
4,7,128,0.012,"6"
4,8,0,1.668,"6"
4,8,8,0.033,"6"
4,8,32,0.0155,"6"
4,8,128,0.0205,"6"
4,9,0,1.6135,"6"
4,9,8,0.0215,"6"
4,9,32,0.0135,"6"
4,9,128,0.027,"6"
4,10,0,1.6655,"6"
4,10,8,0.0395,"6"
4,10,32,0.0375,"6"
4,10,128,0.0445,"6"
4,11,0,1.675,"6"
4,11,8,0.0155,"6"
4,11,32,0.024,"6"
4,11,128,0.0145,"6"
4,12,0,1.5875,"6"
4,12,8,0.1305,"6"
4,12,32,0.084,"6"
4,12,128,0.084,"6"
5,1,0,1.645,"6"
5,1,8,1.357,"6"
5,1,32,1.3375,"6"
5,1,128,1.2505,"6"
5,2,0,1.629,"6"
5,2,8,1.3865,"6"
5,2,32,1.3255,"6"
5,2,128,1.292,"6"
5,3,0,1.612,"6"
5,3,8,1.4305,"6"
5,3,32,1.387,"6"
5,3,128,1.401,"6"
5,4,0,1.646,"6"
5,4,8,1.3795,"6"
5,4,32,1.269,"6"
5,4,128,1.3025,"6"
5,5,0,1.626,"6"
5,5,8,1.4485,"6"
5,5,32,1.407,"6"
5,5,128,1.3985,"6"
5,6,0,1.63,"6"
5,6,8,1.3295,"6"
5,6,32,1.252,"6"
5,6,128,1.2165,"6"
5,7,0,1.65,"6"
5,7,8,1.364,"6"
5,7,32,1.311,"6"
5,7,128,1.237,"6"
5,8,0,1.654,"6"
5,8,8,1.4045,"6"
5,8,32,1.3505,"6"
5,8,128,1.3195,"6"
5,9,0,1.618,"6"
5,9,8,1.2345,"6"
5,9,32,1.189,"6"
5,9,128,1.165,"6"
5,10,0,1.639,"6"
5,10,8,1.332,"6"
5,10,32,1.232,"6"
5,10,128,1.197,"6"
5,11,0,1.6345,"6"
5,11,8,1.244,"6"
5,11,32,1.153,"6"
5,11,128,1.1,"6"
5,12,0,1.627,"6"
5,12,8,1.385,"6"
5,12,32,1.3015,"6"
5,12,128,1.238,"6"
6,1,0,1.6115,"6"
6,1,8,0.263,"6"
6,1,32,0.207,"6"
6,1,128,1.06,"6"
6,2,0,1.5975,"6"
6,2,8,0.1665,"6"
6,2,32,0.1075,"6"
6,2,128,0.424,"6"
6,3,0,1.5925,"6"
6,3,8,0.3625,"6"
6,3,32,0.2785,"6"
6,3,128,0.2685,"6"
6,4,0,1.69,"6"
6,4,8,0.1655,"6"
6,4,32,0.1415,"6"
6,4,128,0.1735,"6"
6,5,0,1.601,"6"
6,5,8,0.232,"6"
6,5,32,0.2,"6"
6,5,128,0.2625,"6"
6,6,0,1.6365,"6"
6,6,8,0.1025,"6"
6,6,32,0.071,"6"
6,6,128,0.0965,"6"
6,7,0,1.6785,"6"
6,7,8,0.075,"6"
6,7,32,0.073,"6"
6,7,128,0.1015,"6"
6,8,0,1.6,"6"
6,8,8,0.249,"6"
6,8,32,0.18,"6"
6,8,128,0.223,"6"
6,9,0,1.6935,"6"
6,9,8,0.0745,"6"
6,9,32,0.073,"6"
6,9,128,0.107,"6"
6,10,0,1.681,"6"
6,10,8,0.1655,"6"
6,10,32,0.161,"6"
6,10,128,0.1745,"6"
6,11,0,1.591,"6"
6,11,8,0.2925,"6"
6,11,32,0.1065,"6"
6,11,128,0.162,"6"
6,12,0,1.6565,"6"
6,12,8,0.0985,"6"
6,12,32,0.065,"6"
6,12,128,0.0755,"6"
7,1,0,1.538,"6"
7,1,8,0.235,"6"
7,1,32,0.2095,"6"
7,1,128,0.133,"6"
7,2,0,1.593,"6"
7,2,8,0.1535,"6"
7,2,32,0.079,"6"
7,2,128,0.101,"6"
7,3,0,1.644,"6"
7,3,8,0.227,"6"
7,3,32,0.19,"6"
7,3,128,0.186,"6"
7,4,0,1.5715,"6"
7,4,8,0.457,"6"
7,4,32,0.289,"6"
7,4,128,0.1935,"6"
7,5,0,1.5855,"6"
7,5,8,0.61,"6"
7,5,32,0.5125,"6"
7,5,128,0.4125,"6"
7,6,0,1.611,"6"
7,6,8,0.2745,"6"
7,6,32,0.1255,"6"
7,6,128,0.2075,"6"
7,7,0,1.5045,"6"
7,7,8,0.209,"6"
7,7,32,0.1205,"6"
7,7,128,0.121,"6"
7,8,0,1.653,"6"
7,8,8,0.119,"6"
7,8,32,0.0825,"6"
7,8,128,0.0645,"6"
7,9,0,1.605,"6"
7,9,8,0.077,"6"
7,9,32,0.024,"6"
7,9,128,0.016,"6"
7,10,0,1.6165,"6"
7,10,8,0.508,"6"
7,10,32,0.2975,"6"
7,10,128,0.1165,"6"
7,11,0,1.601,"6"
7,11,8,0.108,"6"
7,11,32,0.0575,"6"
7,11,128,0.0425,"6"
7,12,0,1.595,"6"
7,12,8,0.0655,"6"
7,12,32,0.0515,"6"
7,12,128,0.017,"6"
8,1,0,1.7085,"6"
8,1,8,0.0915,"6"
8,1,32,0.054,"6"
8,1,128,0.131,"6"
8,2,0,1.718,"6"
8,2,8,0.1675,"6"
8,2,32,0.1045,"6"
8,2,128,0.2065,"6"
8,3,0,1.7185,"6"
8,3,8,0.045,"6"
8,3,32,0.025,"6"
8,3,128,0.0535,"6"
8,4,0,1.7475,"6"
8,4,8,0.1195,"6"
8,4,32,0.109,"6"
8,4,128,0.1555,"6"
8,5,0,1.6285,"6"
8,5,8,0.123,"6"
8,5,32,0.1035,"6"
8,5,128,0.129,"6"
8,6,0,1.5795,"6"
8,6,8,0.6585,"6"
8,6,32,0.5895,"6"
8,6,128,0.6815,"6"
8,7,0,1.6105,"6"
8,7,8,0.013,"6"
8,7,32,0.00600000000000001,"6"
8,7,128,0.014,"6"
8,8,0,1.732,"6"
8,8,8,0.03,"6"
8,8,32,0.036,"6"
8,8,128,0.1465,"6"
8,9,0,1.689,"6"
8,9,8,0.047,"6"
8,9,32,0.031,"6"
8,9,128,0.1505,"6"
8,10,0,1.6355,"6"
8,10,8,0.064,"6"
8,10,32,0.0495,"6"
8,10,128,0.1085,"6"
8,11,0,1.691,"6"
8,11,8,0.014,"6"
8,11,32,0.0115,"6"
8,11,128,0.015,"6"
8,12,0,1.629,"6"
8,12,8,0.076,"6"
8,12,32,0.0495,"6"
8,12,128,0.075,"6"
9,1,0,1.702,"6"
9,1,8,0.1905,"6"
9,1,32,0.1835,"6"
9,1,128,0.2615,"6"
9,2,0,1.6855,"6"
9,2,8,0.2645,"6"
9,2,32,0.255,"6"
9,2,128,0.268,"6"
9,3,0,1.638,"6"
9,3,8,0.1675,"6"
9,3,32,0.1165,"6"
9,3,128,0.1445,"6"
9,4,0,1.6195,"6"
9,4,8,0.1875,"6"
9,4,32,0.149,"6"
9,4,128,0.1305,"6"
9,5,0,1.624,"6"
9,5,8,0.5205,"6"
9,5,32,0.401,"6"
9,5,128,0.484,"6"
9,6,0,1.6705,"6"
9,6,8,0.1165,"6"
9,6,32,0.087,"6"
9,6,128,0.113,"6"
9,7,0,1.663,"6"
9,7,8,0.092,"6"
9,7,32,0.0605,"6"
9,7,128,0.0975,"6"
9,8,0,1.6915,"6"
9,8,8,0.00700000000000001,"6"
9,8,32,0.0045,"6"
9,8,128,0.0145,"6"
9,9,0,1.6705,"6"
9,9,8,0.16,"6"
9,9,32,0.142,"6"
9,9,128,0.1595,"6"
9,10,0,1.546,"6"
9,10,8,0.194,"6"
9,10,32,0.17,"6"
9,10,128,0.155,"6"
9,11,0,1.088,"6"
9,11,8,0.0475,"6"
9,11,32,0.025,"6"
9,11,128,0.041,"6"
9,12,0,1.2045,"6"
9,12,8,0.0545,"6"
9,12,32,0.03,"6"
9,12,128,0.0495,"6"
10,1,0,1.629,"6"
10,1,8,1.069,"6"
10,1,32,1.0135,"6"
10,1,128,0.9135,"6"
10,2,0,1.6165,"6"
10,2,8,1.07,"6"
10,2,32,1.005,"6"
10,2,128,0.962,"6"
10,3,0,1.541,"6"
10,3,8,0.015,"6"
10,3,32,0.0285,"6"
10,3,128,0.015,"6"
10,4,0,1.6325,"6"
10,4,8,1.0295,"6"
10,4,32,0.99,"6"
10,4,128,0.8935,"6"
10,5,0,1.619,"6"
10,5,8,0.0805,"6"
10,5,32,0.027,"6"
10,5,128,0.064,"6"
10,6,0,1.6005,"6"
10,6,8,1.11,"6"
10,6,32,1.0335,"6"
10,6,128,0.919,"6"
10,7,0,1.6135,"6"
10,7,8,0.427,"6"
10,7,32,0.416,"6"
10,7,128,0.4265,"6"
10,8,0,1.627,"6"
10,8,8,0.5165,"6"
10,8,32,0.396,"6"
10,8,128,0.453,"6"
10,9,0,1.5985,"6"
10,9,8,0.4515,"6"
10,9,32,0.3225,"6"
10,9,128,0.362,"6"
10,10,0,1.6005,"6"
10,10,8,0.5685,"6"
10,10,32,0.5775,"6"
10,10,128,0.4925,"6"
10,11,0,1.613,"6"
10,11,8,0.3645,"6"
10,11,32,0.332,"6"
10,11,128,0.2945,"6"
10,12,0,1.5925,"6"
10,12,8,0.167,"6"
10,12,32,0.0335,"6"
10,12,128,0.0515,"6"
11,1,0,1.6945,"6"
11,1,8,0.982,"6"
11,1,32,1.0615,"6"
11,1,128,1.073,"6"
11,2,0,1.6435,"6"
11,2,8,0.376,"6"
11,2,32,0.28,"6"
11,2,128,0.288,"6"
11,3,0,1.6285,"6"
11,3,8,0.1365,"6"
11,3,32,0.0705,"6"
11,3,128,0.1075,"6"
11,4,0,1.673,"6"
11,4,8,0.786,"6"
11,4,32,0.738,"6"
11,4,128,0.532,"6"
11,5,0,1.674,"6"
11,5,8,0.97,"6"
11,5,32,0.8205,"6"
11,5,128,0.6485,"6"
11,6,0,1.647,"6"
11,6,8,1.2775,"6"
11,6,32,1.197,"6"
11,6,128,1.1895,"6"
11,7,0,1.6945,"6"
11,7,8,1.003,"6"
11,7,32,0.8965,"6"
11,7,128,0.829,"6"
11,8,0,1.684,"6"
11,8,8,0.7595,"6"
11,8,32,0.7935,"6"
11,8,128,0.5125,"6"
11,9,0,1.656,"6"
11,9,8,0.2605,"6"
11,9,32,0.2015,"6"
11,9,128,0.274,"6"
11,10,0,1.696,"6"
11,10,8,0.361,"6"
11,10,32,0.4245,"6"
11,10,128,0.3275,"6"
11,11,0,1.7055,"6"
11,11,8,0.47,"6"
11,11,32,0.4,"6"
11,11,128,0.4245,"6"
11,12,0,1.693,"6"
11,12,8,0.3455,"6"
11,12,32,0.3155,"6"
11,12,128,0.317,"6"
12,1,0,1.585,"6"
12,1,8,1.5885,"6"
12,1,32,1.593,"6"
12,1,128,0.491,"6"
12,2,0,1.5885,"6"
12,2,8,1.595,"6"
12,2,32,1.584,"6"
12,2,128,0.445,"6"
12,3,0,1.5905,"6"
12,3,8,1.6005,"6"
12,3,32,1.5705,"6"
12,3,128,0.4425,"6"
12,4,0,1.602,"6"
12,4,8,1.6185,"6"
12,4,32,1.5775,"6"
12,4,128,0.424,"6"
12,5,0,1.5885,"6"
12,5,8,1.587,"6"
12,5,32,1.567,"6"
12,5,128,0.404,"6"
12,6,0,1.589,"6"
12,6,8,1.595,"6"
12,6,32,1.562,"6"
12,6,128,0.4225,"6"
12,7,0,1.584,"6"
12,7,8,1.6035,"6"
12,7,32,1.5565,"6"
12,7,128,0.383,"6"
12,8,0,1.5535,"6"
12,8,8,1.534,"6"
12,8,32,1.539,"6"
12,8,128,0.2815,"6"
12,9,0,1.5825,"6"
12,9,8,1.5855,"6"
12,9,32,1.565,"6"
12,9,128,0.386,"6"
12,10,0,1.5795,"6"
12,10,8,1.6005,"6"
12,10,32,1.552,"6"
12,10,128,0.361,"6"
12,11,0,1.6025,"6"
12,11,8,1.6,"6"
12,11,32,1.5875,"6"
12,11,128,0.3935,"6"
12,12,0,1.521,"6"
12,12,8,1.5515,"6"
12,12,32,1.5,"6"
12,12,128,0.318,"6"
13,1,0,1.5265,"6"
13,1,8,0.0905,"6"
13,1,32,0.065,"6"
13,1,128,0.1335,"6"
13,2,0,1.3605,"6"
13,2,8,0.1535,"6"
13,2,32,0.13,"6"
13,2,128,0.219,"6"
13,3,0,1.564,"6"
13,3,8,0.052,"6"
13,3,32,0.0225,"6"
13,3,128,0.044,"6"
13,4,0,1.504,"6"
13,4,8,0.1185,"6"
13,4,32,0.058,"6"
13,4,128,0.0875,"6"
13,5,0,1.4055,"6"
13,5,8,0.0935,"6"
13,5,32,0.053,"6"
13,5,128,0.0945,"6"
13,6,0,1.4895,"6"
13,6,8,0.0575,"6"
13,6,32,0.0195,"6"
13,6,128,0.0795,"6"
13,7,0,1.493,"6"
13,7,8,0.004,"6"
13,7,32,0.00650000000000001,"6"
13,7,128,0.0145,"6"
13,8,0,1.6345,"6"
13,8,8,0.0225,"6"
13,8,32,0.002,"6"
13,8,128,0.011,"6"
13,9,0,1.6295,"6"
13,9,8,0.002,"6"
13,9,32,0.465,"6"
13,9,128,0.00650000000000001,"6"
13,10,0,1.4945,"6"
13,10,8,0.0205,"6"
13,10,32,0.0215,"6"
13,10,128,0.047,"6"
13,11,0,1.617,"6"
13,11,8,0.0025,"6"
13,11,32,0.0025,"6"
13,11,128,0.0045,"6"
13,12,0,1.4325,"6"
13,12,8,0.032,"6"
13,12,32,0.039,"6"
13,12,128,0.044,"6"
14,1,0,1.664,"6"
14,1,8,0.013,"6"
14,1,32,0.02,"6"
14,1,128,0.0145,"6"
14,2,0,1.461,"6"
14,2,8,0.1385,"6"
14,2,32,0.0665,"6"
14,2,128,0.078,"6"
14,3,0,1.6085,"6"
14,3,8,0.0905,"6"
14,3,32,0.0715,"6"
14,3,128,0.0605,"6"
14,4,0,1.645,"6"
14,4,8,0.2545,"6"
14,4,32,0.275,"6"
14,4,128,0.2245,"6"
14,5,0,1.6485,"6"
14,5,8,0.00800000000000001,"6"
14,5,32,0.00650000000000001,"6"
14,5,128,0.0195,"6"
14,6,0,1.567,"6"
14,6,8,0.197,"6"
14,6,32,0.207,"6"
14,6,128,0.1255,"6"
14,7,0,1.599,"6"
14,7,8,0.3955,"6"
14,7,32,0.265,"6"
14,7,128,0.292,"6"
14,8,0,1.488,"6"
14,8,8,0.0975,"6"
14,8,32,0.0715,"6"
14,8,128,0.098,"6"
14,9,0,1.4085,"6"
14,9,8,0.076,"6"
14,9,32,0.054,"6"
14,9,128,0.0265,"6"
14,10,0,1.635,"6"
14,10,8,0.0215,"6"
14,10,32,0.0175,"6"
14,10,128,0.0325,"6"
14,11,0,1.4135,"6"
14,11,8,0.018,"6"
14,11,32,0.00700000000000001,"6"
14,11,128,0.025,"6"
14,12,0,1.602,"6"
14,12,8,0.2355,"6"
14,12,32,0.164,"6"
14,12,128,0.1445,"6"
15,1,0,1.519,"6"
15,1,8,0.6485,"6"
15,1,32,0.784,"6"
15,1,128,1.216,"6"
15,2,0,1.41,"6"
15,2,8,0.0305,"6"
15,2,32,0.0175,"6"
15,2,128,0.0205,"6"
15,3,0,1.3745,"6"
15,3,8,0.023,"6"
15,3,32,0.056,"6"
15,3,128,0.023,"6"
15,4,0,1.4165,"6"
15,4,8,0.011,"6"
15,4,32,0.028,"6"
15,4,128,0.013,"6"
15,5,0,1.386,"6"
15,5,8,0.00900000000000001,"6"
15,5,32,0.00850000000000001,"6"
15,5,128,0.017,"6"
15,6,0,1.4835,"6"
15,6,8,0.037,"6"
15,6,32,0.02,"6"
15,6,128,0.0505,"6"
15,7,0,1.391,"6"
15,7,8,0.00600000000000001,"6"
15,7,32,0.003,"6"
15,7,128,0.005,"6"
15,8,0,1.473,"6"
15,8,8,0.0285,"6"
15,8,32,0.047,"6"
15,8,128,0.0405,"6"
15,9,0,1.364,"6"
15,9,8,0.02,"6"
15,9,32,0.00850000000000001,"6"
15,9,128,0.047,"6"
15,10,0,1.504,"6"
15,10,8,0.074,"6"
15,10,32,0.0885,"6"
15,10,128,0.148,"6"
15,11,0,1.4345,"6"
15,11,8,0.141,"6"
15,11,32,0.149,"6"
15,11,128,0.343,"6"
15,12,0,1.4175,"6"
15,12,8,0.00600000000000001,"6"
15,12,32,0.005,"6"
15,12,128,0.0205,"6"
16,1,0,1.637,"6"
16,1,8,0.0775,"6"
16,1,32,0.044,"6"
16,1,128,0.0565,"6"
16,2,0,1.603,"6"
16,2,8,0.2655,"6"
16,2,32,0.2535,"6"
16,2,128,0.265,"6"
16,3,0,1.617,"6"
16,3,8,0.0385,"6"
16,3,32,0.0195,"6"
16,3,128,0.032,"6"
16,4,0,1.6115,"6"
16,4,8,0.1555,"6"
16,4,32,0.1005,"6"
16,4,128,0.2035,"6"
16,5,0,1.5985,"6"
16,5,8,0.0655,"6"
16,5,32,0.0205,"6"
16,5,128,0.095,"6"
16,6,0,1.582,"6"
16,6,8,0.0995,"6"
16,6,32,0.048,"6"
16,6,128,0.12,"6"
16,7,0,1.636,"6"
16,7,8,0.0375,"6"
16,7,32,0.0275,"6"
16,7,128,0.0695,"6"
16,8,0,1.643,"6"
16,8,8,0.033,"6"
16,8,32,0.062,"6"
16,8,128,0.067,"6"
16,9,0,1.5755,"6"
16,9,8,0.2025,"6"
16,9,32,0.1175,"6"
16,9,128,0.1645,"6"
16,10,0,1.598,"6"
16,10,8,0.1155,"6"
16,10,32,0.093,"6"
16,10,128,0.131,"6"
16,11,0,1.606,"6"
16,11,8,0.056,"6"
16,11,32,0.0115,"6"
16,11,128,0.0155,"6"
16,12,0,1.6245,"6"
16,12,8,0.05,"6"
16,12,32,0.0045,"6"
16,12,128,0.0375,"6"
17,1,0,1.6485,"6"
17,1,8,0.1815,"6"
17,1,32,0.347,"6"
17,1,128,0.668,"6"
17,2,0,1.668,"6"
17,2,8,1.5885,"6"
17,2,32,1.575,"6"
17,2,128,1.57,"6"
17,3,0,1.599,"6"
17,3,8,0.0295,"6"
17,3,32,0.00800000000000001,"6"
17,3,128,0.018,"6"
17,4,0,1.4075,"6"
17,4,8,0.0105,"6"
17,4,32,0.00650000000000001,"6"
17,4,128,0.00750000000000001,"6"
17,5,0,1.6325,"6"
17,5,8,0.0465,"6"
17,5,32,0.027,"6"
17,5,128,0.058,"6"
17,6,0,1.132,"6"
17,6,8,0.00750000000000001,"6"
17,6,32,0.0055,"6"
17,6,128,0.015,"6"
17,7,0,1.535,"6"
17,7,8,0.003,"6"
17,7,32,0.003,"6"
17,7,128,0.005,"6"
17,8,0,0.885,"6"
17,8,8,0.0035,"6"
17,8,32,0.0035,"6"
17,8,128,0.00700000000000001,"6"
17,9,0,1.425,"6"
17,9,8,0.0105,"6"
17,9,32,0.0055,"6"
17,9,128,0.0195,"6"
17,10,0,1.5365,"6"
17,10,8,0.015,"6"
17,10,32,0.004,"6"
17,10,128,0.038,"6"
17,11,0,1.484,"6"
17,11,8,0.0035,"6"
17,11,32,0.0035,"6"
17,11,128,0.00800000000000001,"6"
17,12,0,1.4695,"6"
17,12,8,0.0025,"6"
17,12,32,0.001,"6"
17,12,128,0.0035,"6"
18,1,0,1.671,"6"
18,1,8,0.728,"6"
18,1,32,0.676,"6"
18,1,128,0.7865,"6"
18,2,0,1.6505,"6"
18,2,8,0.7495,"6"
18,2,32,0.6285,"6"
18,2,128,0.712,"6"
18,3,0,1.6485,"6"
18,3,8,1.2235,"6"
18,3,32,0.6825,"6"
18,3,128,0.6295,"6"
18,4,0,1.6365,"6"
18,4,8,1.293,"6"
18,4,32,0.722,"6"
18,4,128,0.6195,"6"
18,5,0,1.656,"6"
18,5,8,0.799,"6"
18,5,32,0.541,"6"
18,5,128,0.557,"6"
18,6,0,1.6495,"6"
18,6,8,0.637,"6"
18,6,32,0.457,"6"
18,6,128,0.481,"6"
18,7,0,1.6545,"6"
18,7,8,0.3175,"6"
18,7,32,0.308,"6"
18,7,128,0.3285,"6"
18,8,0,1.6535,"6"
18,8,8,0.874,"6"
18,8,32,0.8665,"6"
18,8,128,0.718,"6"
18,9,0,1.652,"6"
18,9,8,0.6495,"6"
18,9,32,0.5325,"6"
18,9,128,0.5315,"6"
18,10,0,1.647,"6"
18,10,8,0.482,"6"
18,10,32,0.4495,"6"
18,10,128,0.555,"6"
18,11,0,1.648,"6"
18,11,8,0.395,"6"
18,11,32,0.352,"6"
18,11,128,0.342,"6"
18,12,0,1.636,"6"
18,12,8,0.472,"6"
18,12,32,0.51,"6"
18,12,128,0.6065,"6"
19,1,0,1.571,"6"
19,1,8,0.018,"6"
19,1,32,0.00600000000000001,"6"
19,1,128,0.0255,"6"
19,2,0,1.6275,"6"
19,2,8,0.114,"6"
19,2,32,0.0875,"6"
19,2,128,0.0605,"6"
19,3,0,1.624,"6"
19,3,8,0.2175,"6"
19,3,32,0.1865,"6"
19,3,128,0.2105,"6"
19,4,0,1.588,"6"
19,4,8,0.024,"6"
19,4,32,0.0035,"6"
19,4,128,0.0425,"6"
19,5,0,1.513,"6"
19,5,8,0.0995,"6"
19,5,32,0.0545,"6"
19,5,128,0.163,"6"
19,6,0,1.59,"6"
19,6,8,0.0755,"6"
19,6,32,0.054,"6"
19,6,128,0.043,"6"
19,7,0,1.593,"6"
19,7,8,0.0055,"6"
19,7,32,0.00600000000000001,"6"
19,7,128,0.005,"6"
19,8,0,0.0035,"6"
19,8,8,0.0035,"6"
19,8,32,0.0025,"6"
19,8,128,0.005,"6"
19,9,0,0.6665,"6"
19,9,8,0.2225,"6"
19,9,32,0.297,"6"
19,9,128,0.123,"6"
19,10,0,1.5585,"6"
19,10,8,0.3605,"6"
19,10,32,0.019,"6"
19,10,128,0.154,"6"
19,11,0,1.5885,"6"
19,11,8,0.104,"6"
19,11,32,0.012,"6"
19,11,128,0.033,"6"
19,12,0,1.6255,"6"
19,12,8,0.1205,"6"
19,12,32,0.1405,"6"
19,12,128,0.1075,"6"
20,1,0,1.6295,"6"
20,1,8,0.155,"6"
20,1,32,0.087,"6"
20,1,128,0.107,"6"
20,2,0,1.6325,"6"
20,2,8,0.1085,"6"
20,2,32,0.116,"6"
20,2,128,0.19,"6"
20,3,0,1.6195,"6"
20,3,8,0.597,"6"
20,3,32,0.622,"6"
20,3,128,0.698,"6"
20,4,0,1.633,"6"
20,4,8,0.5305,"6"
20,4,32,0.4365,"6"
20,4,128,0.57,"6"
20,5,0,1.617,"6"
20,5,8,0.039,"6"
20,5,32,0.0545,"6"
20,5,128,0.0565,"6"
20,6,0,1.6255,"6"
20,6,8,0.429,"6"
20,6,32,0.3485,"6"
20,6,128,0.4545,"6"
20,7,0,1.6335,"6"
20,7,8,0.2095,"6"
20,7,32,0.226,"6"
20,7,128,0.204,"6"
20,8,0,1.639,"6"
20,8,8,0.523,"6"
20,8,32,0.5145,"6"
20,8,128,0.55,"6"
20,9,0,1.6075,"6"
20,9,8,0.1685,"6"
20,9,32,0.16,"6"
20,9,128,0.186,"6"
20,10,0,1.6305,"6"
20,10,8,0.1245,"6"
20,10,32,0.112,"6"
20,10,128,0.093,"6"
20,11,0,1.637,"6"
20,11,8,0.151,"6"
20,11,32,0.094,"6"
20,11,128,0.1205,"6"
20,12,0,1.613,"6"
20,12,8,0.1385,"6"
20,12,32,0.125,"6"
20,12,128,0.1155,"6"
1,1,0,1.658,"7"
1,1,32,0.133,"7"
1,1,128,0.2145,"7"
1,1,512,0.23,"7"
1,2,0,1.664,"7"
1,2,32,0.1025,"7"
1,2,128,0.1785,"7"
1,2,512,0.197,"7"
1,3,0,1.665,"7"
1,3,32,0.1405,"7"
1,3,128,0.2335,"7"
1,3,512,0.2455,"7"
1,4,0,1.6815,"7"
1,4,32,0.1665,"7"
1,4,128,0.2575,"7"
1,4,512,0.272,"7"
1,5,0,1.663,"7"
1,5,32,0.134,"7"
1,5,128,0.208,"7"
1,5,512,0.222,"7"
1,6,0,1.6445,"7"
1,6,32,0.144,"7"
1,6,128,0.2145,"7"
1,6,512,0.225,"7"
1,7,0,1.6455,"7"
1,7,32,0.1345,"7"
1,7,128,0.2265,"7"
1,7,512,0.2075,"7"
1,8,0,1.6635,"7"
1,8,32,0.1485,"7"
1,8,128,0.2265,"7"
1,8,512,0.232,"7"
1,9,0,1.6595,"7"
1,9,32,0.147,"7"
1,9,128,0.243,"7"
1,9,512,0.2395,"7"
1,10,0,1.6475,"7"
1,10,32,0.067,"7"
1,10,128,0.1815,"7"
1,10,512,0.2065,"7"
1,11,0,1.677,"7"
1,11,32,0.055,"7"
1,11,128,0.123,"7"
1,11,512,0.1405,"7"
1,12,0,1.6625,"7"
1,12,32,0.0865,"7"
1,12,128,0.143,"7"
1,12,512,0.175,"7"
2,1,0,1.635,"7"
2,1,32,0.045,"7"
2,1,128,0.072,"7"
2,1,512,0.14,"7"
2,2,0,1.5755,"7"
2,2,32,0.0315,"7"
2,2,128,0.0475,"7"
2,2,512,0.0725,"7"
2,3,0,1.6275,"7"
2,3,32,0.0145,"7"
2,3,128,0.0375,"7"
2,3,512,0.0245,"7"
2,4,0,1.6665,"7"
2,4,32,0.0165,"7"
2,4,128,0.0175,"7"
2,4,512,0.0185,"7"
2,5,0,1.6105,"7"
2,5,32,0.014,"7"
2,5,128,0.0325,"7"
2,5,512,0.0655,"7"
2,6,0,1.5995,"7"
2,6,32,0.019,"7"
2,6,128,0.025,"7"
2,6,512,0.0535,"7"
2,7,0,1.581,"7"
2,7,32,0.013,"7"
2,7,128,0.055,"7"
2,7,512,0.063,"7"
2,8,0,1.6115,"7"
2,8,32,0.058,"7"
2,8,128,0.124,"7"
2,8,512,0.18,"7"
2,9,0,1.5835,"7"
2,9,32,0.016,"7"
2,9,128,0.021,"7"
2,9,512,0.033,"7"
2,10,0,1.4015,"7"
2,10,32,0.0035,"7"
2,10,128,0.0135,"7"
2,10,512,0.0155,"7"
2,11,0,1.6325,"7"
2,11,32,0.0145,"7"
2,11,128,0.0205,"7"
2,11,512,0.0255,"7"
2,12,0,1.6365,"7"
2,12,32,0.047,"7"
2,12,128,0.0795,"7"
2,12,512,0.1615,"7"
3,1,0,1.6545,"7"
3,1,32,1.178,"7"
3,1,128,1.2795,"7"
3,1,512,1.199,"7"
3,2,0,1.6335,"7"
3,2,32,1.1395,"7"
3,2,128,1.1995,"7"
3,2,512,1.0825,"7"
3,3,0,1.6125,"7"
3,3,32,1.4065,"7"
3,3,128,1.3995,"7"
3,3,512,1.3315,"7"
3,4,0,1.547,"7"
3,4,32,0.5365,"7"
3,4,128,0.8375,"7"
3,4,512,0.589,"7"
3,5,0,1.599,"7"
3,5,32,1.0555,"7"
3,5,128,1.0545,"7"
3,5,512,0.6035,"7"
3,6,0,1.616,"7"
3,6,32,1.1235,"7"
3,6,128,1.1645,"7"
3,6,512,1.035,"7"
3,7,0,1.623,"7"
3,7,32,0.904,"7"
3,7,128,1.0555,"7"
3,7,512,0.8275,"7"
3,8,0,1.6475,"7"
3,8,32,1.26,"7"
3,8,128,1.272,"7"
3,8,512,1.198,"7"
3,9,0,1.594,"7"
3,9,32,1.102,"7"
3,9,128,1.276,"7"
3,9,512,1.153,"7"
3,10,0,1.6235,"7"
3,10,32,0.9995,"7"
3,10,128,0.9415,"7"
3,10,512,1.0065,"7"
3,11,0,1.6285,"7"
3,11,32,0.957,"7"
3,11,128,1.03,"7"
3,11,512,0.781,"7"
3,12,0,1.586,"7"
3,12,32,1.055,"7"
3,12,128,1.0825,"7"
3,12,512,0.445,"7"
4,1,0,1.6105,"7"
4,1,32,0.408,"7"
4,1,128,0.59,"7"
4,1,512,0.204,"7"
4,2,0,1.668,"7"
4,2,32,0.062,"7"
4,2,128,0.155,"7"
4,2,512,0.233,"7"
4,3,0,1.695,"7"
4,3,32,0.00950000000000001,"7"
4,3,128,0.017,"7"
4,3,512,0.0255,"7"
4,4,0,1.689,"7"
4,4,32,0.0375,"7"
4,4,128,0.082,"7"
4,4,512,0.3585,"7"
4,5,0,1.676,"7"
4,5,32,0.0775,"7"
4,5,128,0.0915,"7"
4,5,512,0.074,"7"
4,6,0,1.6685,"7"
4,6,32,1.2505,"7"
4,6,128,1.303,"7"
4,6,512,1.1655,"7"
4,7,0,1.6975,"7"
4,7,32,0.027,"7"
4,7,128,0.00900000000000001,"7"
4,7,512,0.00800000000000001,"7"
4,8,0,1.6835,"7"
4,8,32,0.0165,"7"
4,8,128,0.034,"7"
4,8,512,0.1135,"7"
4,9,0,1.653,"7"
4,9,32,0.041,"7"
4,9,128,0.05,"7"
4,9,512,0.095,"7"
4,10,0,1.6555,"7"
4,10,32,0.05,"7"
4,10,128,0.1125,"7"
4,10,512,0.0815,"7"
4,11,0,1.6865,"7"
4,11,32,0.005,"7"
4,11,128,0.011,"7"
4,11,512,0.00700000000000001,"7"
4,12,0,1.5475,"7"
4,12,32,0.0125,"7"
4,12,128,0.0565,"7"
4,12,512,0.0125,"7"
5,1,0,1.6495,"7"
5,1,32,1.429,"7"
5,1,128,1.443,"7"
5,1,512,1.287,"7"
5,2,0,1.617,"7"
5,2,32,1.3935,"7"
5,2,128,1.387,"7"
5,2,512,1.118,"7"
5,3,0,1.625,"7"
5,3,32,1.4325,"7"
5,3,128,1.435,"7"
5,3,512,1.2825,"7"
5,4,0,1.646,"7"
5,4,32,1.462,"7"
5,4,128,1.466,"7"
5,4,512,1.409,"7"
5,5,0,1.617,"7"
5,5,32,1.4795,"7"
5,5,128,1.49,"7"
5,5,512,1.4385,"7"
5,6,0,1.615,"7"
5,6,32,1.3905,"7"
5,6,128,1.3825,"7"
5,6,512,1.122,"7"
5,7,0,1.6235,"7"
5,7,32,1.396,"7"
5,7,128,1.3875,"7"
5,7,512,1.096,"7"
5,8,0,1.648,"7"
5,8,32,1.4275,"7"
5,8,128,1.415,"7"
5,8,512,1.1585,"7"
5,9,0,1.6105,"7"
5,9,32,1.368,"7"
5,9,128,1.389,"7"
5,9,512,0.956,"7"
5,10,0,1.612,"7"
5,10,32,1.385,"7"
5,10,128,1.3615,"7"
5,10,512,1.022,"7"
5,11,0,1.637,"7"
5,11,32,1.3815,"7"
5,11,128,1.3415,"7"
5,11,512,0.8275,"7"
5,12,0,1.62,"7"
5,12,32,1.4155,"7"
5,12,128,1.3975,"7"
5,12,512,1.1165,"7"
6,1,0,1.576,"7"
6,1,32,0.269,"7"
6,1,128,0.291,"7"
6,1,512,0.1625,"7"
6,2,0,1.6115,"7"
6,2,32,0.3125,"7"
6,2,128,0.2805,"7"
6,2,512,0.141,"7"
6,3,0,1.6005,"7"
6,3,32,0.237,"7"
6,3,128,0.3345,"7"
6,3,512,0.2645,"7"
6,4,0,1.6795,"7"
6,4,32,0.129,"7"
6,4,128,0.1725,"7"
6,4,512,0.215,"7"
6,5,0,1.547,"7"
6,5,32,0.2825,"7"
6,5,128,0.3955,"7"
6,5,512,0.281,"7"
6,6,0,1.648,"7"
6,6,32,0.1215,"7"
6,6,128,0.1615,"7"
6,6,512,0.2035,"7"
6,7,0,1.345,"7"
6,7,32,1.064,"7"
6,7,128,0.8525,"7"
6,7,512,0.48,"7"
6,8,0,1.586,"7"
6,8,32,0.2575,"7"
6,8,128,0.294,"7"
6,8,512,0.191,"7"
6,9,0,1.653,"7"
6,9,32,0.0695,"7"
6,9,128,0.122,"7"
6,9,512,0.163,"7"
6,10,0,1.6595,"7"
6,10,32,0.2255,"7"
6,10,128,0.2965,"7"
6,10,512,0.334,"7"
6,11,0,1.6175,"7"
6,11,32,0.187,"7"
6,11,128,0.237,"7"
6,11,512,0.179,"7"
6,12,0,1.6465,"7"
6,12,32,0.0575,"7"
6,12,128,0.1125,"7"
6,12,512,0.0765,"7"
7,1,0,1.4735,"7"
7,1,32,0.1445,"7"
7,1,128,0.1265,"7"
7,1,512,0.075,"7"
7,2,0,1.566,"7"
7,2,32,0.1145,"7"
7,2,128,0.1545,"7"
7,2,512,0.052,"7"
7,3,0,1.642,"7"
7,3,32,0.151,"7"
7,3,128,0.185,"7"
7,3,512,0.1425,"7"
7,4,0,1.5775,"7"
7,4,32,0.3105,"7"
7,4,128,0.4975,"7"
7,4,512,0.191,"7"
7,5,0,1.536,"7"
7,5,32,0.182,"7"
7,5,128,0.249,"7"
7,5,512,0.0715,"7"
7,6,0,1.609,"7"
7,6,32,0.243,"7"
7,6,128,0.45,"7"
7,6,512,0.141,"7"
7,7,0,1.506,"7"
7,7,32,0.1405,"7"
7,7,128,0.178,"7"
7,7,512,0.114,"7"
7,8,0,1.649,"7"
7,8,32,0.126,"7"
7,8,128,0.079,"7"
7,8,512,0.0235,"7"
7,9,0,1.608,"7"
7,9,32,0.12,"7"
7,9,128,0.09,"7"
7,9,512,0.0305,"7"
7,10,0,1.5955,"7"
7,10,32,0.1285,"7"
7,10,128,0.116,"7"
7,10,512,0.035,"7"
7,11,0,1.613,"7"
7,11,32,0.074,"7"
7,11,128,0.0795,"7"
7,11,512,0.0015,"7"
7,12,0,1.627,"7"
7,12,32,0.0605,"7"
7,12,128,0.116,"7"
7,12,512,0.1005,"7"
8,1,0,1.6275,"7"
8,1,32,0.1095,"7"
8,1,128,0.781,"7"
8,1,512,0.2945,"7"
8,2,0,1.6705,"7"
8,2,32,0.0815,"7"
8,2,128,0.4735,"7"
8,2,512,0.1895,"7"
8,3,0,1.6755,"7"
8,3,32,0.0205,"7"
8,3,128,0.102,"7"
8,3,512,0.3005,"7"
8,4,0,1.701,"7"
8,4,32,0.037,"7"
8,4,128,0.4755,"7"
8,4,512,0.2195,"7"
8,5,0,1.554,"7"
8,5,32,0.07,"7"
8,5,128,0.223,"7"
8,5,512,0.152,"7"
8,6,0,1.5355,"7"
8,6,32,0.66,"7"
8,6,128,1.0325,"7"
8,6,512,0.6685,"7"
8,7,0,1.5595,"7"
8,7,32,0.011,"7"
8,7,128,0.0375,"7"
8,7,512,0.036,"7"
8,8,0,1.659,"7"
8,8,32,0.1345,"7"
8,8,128,0.7635,"7"
8,8,512,0.394,"7"
8,9,0,1.6425,"7"
8,9,32,0.1255,"7"
8,9,128,0.783,"7"
8,9,512,0.4465,"7"
8,10,0,1.6235,"7"
8,10,32,0.0945,"7"
8,10,128,0.434,"7"
8,10,512,0.7975,"7"
8,11,0,1.6515,"7"
8,11,32,0.001,"7"
8,11,128,0.0655,"7"
8,11,512,0.0185,"7"
8,12,0,1.623,"7"
8,12,32,0.0255,"7"
8,12,128,0.143,"7"
8,12,512,0.696,"7"
9,1,0,1.674,"7"
9,1,32,0.1685,"7"
9,1,128,0.243,"7"
9,1,512,0.408,"7"
9,2,0,1.6965,"7"
9,2,32,0.3155,"7"
9,2,128,0.3285,"7"
9,2,512,0.327,"7"
9,3,0,1.6045,"7"
9,3,32,0.1285,"7"
9,3,128,0.191,"7"
9,3,512,0.2015,"7"
9,4,0,1.691,"7"
9,4,32,0.2625,"7"
9,4,128,0.277,"7"
9,4,512,0.219,"7"
9,5,0,1.6385,"7"
9,5,32,0.227,"7"
9,5,128,0.2935,"7"
9,5,512,0.419,"7"
9,6,0,1.5855,"7"
9,6,32,0.12,"7"
9,6,128,0.175,"7"
9,6,512,0.1795,"7"
9,7,0,1.604,"7"
9,7,32,0.1865,"7"
9,7,128,0.292,"7"
9,7,512,0.2335,"7"
9,8,0,1.686,"7"
9,8,32,0.022,"7"
9,8,128,0.0635,"7"
9,8,512,0.0725,"7"
9,9,0,1.6765,"7"
9,9,32,0.169,"7"
9,9,128,0.221,"7"
9,9,512,0.293,"7"
9,10,0,1.513,"7"
9,10,32,0.292,"7"
9,10,128,0.274,"7"
9,10,512,0.295,"7"
9,11,0,1.1735,"7"
9,11,32,0.0275,"7"
9,11,128,0.067,"7"
9,11,512,0.056,"7"
9,12,0,1.214,"7"
9,12,32,0.0615,"7"
9,12,128,0.103,"7"
9,12,512,0.117,"7"
10,1,0,1.619,"7"
10,1,32,1.2685,"7"
10,1,128,1.3475,"7"
10,1,512,1.2805,"7"
10,2,0,1.612,"7"
10,2,32,1.2645,"7"
10,2,128,1.3205,"7"
10,2,512,1.321,"7"
10,3,0,1.432,"7"
10,3,32,0.0145,"7"
10,3,128,0.0305,"7"
10,3,512,0.078,"7"
10,4,0,1.6175,"7"
10,4,32,1.29,"7"
10,4,128,1.3365,"7"
10,4,512,1.271,"7"
10,5,0,1.6205,"7"
10,5,32,0.1265,"7"
10,5,128,0.1385,"7"
10,5,512,0.111,"7"
10,6,0,1.5935,"7"
10,6,32,1.2815,"7"
10,6,128,1.318,"7"
10,6,512,1.283,"7"
10,7,0,1.6125,"7"
10,7,32,1.1905,"7"
10,7,128,1.2805,"7"
10,7,512,1.272,"7"
10,8,0,1.568,"7"
10,8,32,0.602,"7"
10,8,128,0.6165,"7"
10,8,512,0.299,"7"
10,9,0,1.603,"7"
10,9,32,1.2245,"7"
10,9,128,1.2945,"7"
10,9,512,1.2505,"7"
10,10,0,1.6135,"7"
10,10,32,1.2385,"7"
10,10,128,1.254,"7"
10,10,512,1.1575,"7"
10,11,0,1.6375,"7"
10,11,32,1.2525,"7"
10,11,128,1.3025,"7"
10,11,512,1.235,"7"
10,12,0,1.6255,"7"
10,12,32,0.6055,"7"
10,12,128,0.842,"7"
10,12,512,0.5535,"7"
11,1,0,1.662,"7"
11,1,32,1.2245,"7"
11,1,128,1.204,"7"
11,1,512,0.9035,"7"
11,2,0,1.6655,"7"
11,2,32,0.2405,"7"
11,2,128,0.378,"7"
11,2,512,0.3595,"7"
11,3,0,1.673,"7"
11,3,32,0.2175,"7"
11,3,128,0.266,"7"
11,3,512,0.2875,"7"
11,4,0,1.6635,"7"
11,4,32,0.7795,"7"
11,4,128,0.7685,"7"
11,4,512,0.4595,"7"
11,5,0,1.652,"7"
11,5,32,1.445,"7"
11,5,128,1.2175,"7"
11,5,512,0.7535,"7"
11,6,0,1.66,"7"
11,6,32,1.372,"7"
11,6,128,1.276,"7"
11,6,512,1.0945,"7"
11,7,0,1.6885,"7"
11,7,32,1.316,"7"
11,7,128,1.3945,"7"
11,7,512,1.2495,"7"
11,8,0,1.6785,"7"
11,8,32,1.375,"7"
11,8,128,1.4185,"7"
11,8,512,1.1195,"7"
11,9,0,1.669,"7"
11,9,32,0.4085,"7"
11,9,128,0.5205,"7"
11,9,512,0.377,"7"
11,10,0,1.682,"7"
11,10,32,0.5935,"7"
11,10,128,0.6485,"7"
11,10,512,0.44,"7"
11,11,0,1.7015,"7"
11,11,32,0.631,"7"
11,11,128,0.811,"7"
11,11,512,0.5,"7"
11,12,0,1.692,"7"
11,12,32,0.4665,"7"
11,12,128,0.5495,"7"
11,12,512,0.4385,"7"
12,1,0,1.584,"7"
12,1,32,1.5465,"7"
12,1,128,0.383,"7"
12,1,512,0.384,"7"
12,2,0,1.561,"7"
12,2,32,1.5555,"7"
12,2,128,0.3295,"7"
12,2,512,0.342,"7"
12,3,0,1.5615,"7"
12,3,32,1.542,"7"
12,3,128,0.3275,"7"
12,3,512,0.377,"7"
12,4,0,1.606,"7"
12,4,32,1.5735,"7"
12,4,128,0.3355,"7"
12,4,512,0.404,"7"
12,5,0,1.584,"7"
12,5,32,1.565,"7"
12,5,128,0.329,"7"
12,5,512,0.385,"7"
12,6,0,1.5795,"7"
12,6,32,1.5535,"7"
12,6,128,0.303,"7"
12,6,512,0.367,"7"
12,7,0,1.606,"7"
12,7,32,1.5675,"7"
12,7,128,0.3125,"7"
12,7,512,0.3355,"7"
12,8,0,1.5605,"7"
12,8,32,1.539,"7"
12,8,128,0.27,"7"
12,8,512,0.224,"7"
12,9,0,1.5785,"7"
12,9,32,1.5505,"7"
12,9,128,0.2995,"7"
12,9,512,0.3355,"7"
12,10,0,1.5815,"7"
12,10,32,1.551,"7"
12,10,128,0.329,"7"
12,10,512,0.3295,"7"
12,11,0,1.6075,"7"
12,11,32,1.5625,"7"
12,11,128,0.368,"7"
12,11,512,0.3165,"7"
12,12,0,1.5315,"7"
12,12,32,1.473,"7"
12,12,128,0.305,"7"
12,12,512,0.3105,"7"
13,1,0,1.5435,"7"
13,1,32,0.2515,"7"
13,1,128,0.3785,"7"
13,1,512,0.157,"7"
13,2,0,1.473,"7"
13,2,32,0.3615,"7"
13,2,128,0.4425,"7"
13,2,512,0.214,"7"
13,3,0,1.494,"7"
13,3,32,0.1725,"7"
13,3,128,0.283,"7"
13,3,512,0.176,"7"
13,4,0,1.4895,"7"
13,4,32,0.332,"7"
13,4,128,0.4035,"7"
13,4,512,0.227,"7"
13,5,0,1.2645,"7"
13,5,32,0.255,"7"
13,5,128,0.2985,"7"
13,5,512,0.1295,"7"
13,6,0,1.4985,"7"
13,6,32,0.1165,"7"
13,6,128,0.262,"7"
13,6,512,0.1275,"7"
13,7,0,1.4715,"7"
13,7,32,0.095,"7"
13,7,128,0.1465,"7"
13,7,512,0.107,"7"
13,8,0,1.6225,"7"
13,8,32,0.06,"7"
13,8,128,0.1255,"7"
13,8,512,0.1405,"7"
13,9,0,1.575,"7"
13,9,32,0.0525,"7"
13,9,128,0.098,"7"
13,9,512,0.0835,"7"
13,10,0,1.5235,"7"
13,10,32,0.112,"7"
13,10,128,0.1475,"7"
13,10,512,0.1125,"7"
13,11,0,1.056,"7"
13,11,32,0.88,"7"
13,11,128,0.734,"7"
13,11,512,0.4015,"7"
13,12,0,1.3985,"7"
13,12,32,0.2195,"7"
13,12,128,0.4675,"7"
13,12,512,0.136,"7"
14,1,0,1.6095,"7"
14,1,32,0.8945,"7"
14,1,128,0.899,"7"
14,1,512,0.3945,"7"
14,2,0,1.5195,"7"
14,2,32,0.1525,"7"
14,2,128,0.209,"7"
14,2,512,0.163,"7"
14,3,0,1.622,"7"
14,3,32,0.41,"7"
14,3,128,0.6365,"7"
14,3,512,0.232,"7"
14,4,0,1.6225,"7"
14,4,32,0.907,"7"
14,4,128,1.0725,"7"
14,4,512,0.8165,"7"
14,5,0,1.6535,"7"
14,5,32,0.103,"7"
14,5,128,0.197,"7"
14,5,512,0.2015,"7"
14,6,0,1.5955,"7"
14,6,32,0.8865,"7"
14,6,128,1.0585,"7"
14,6,512,0.65,"7"
14,7,0,1.6055,"7"
14,7,32,0.922,"7"
14,7,128,1.084,"7"
14,7,512,0.674,"7"
14,8,0,1.548,"7"
14,8,32,0.3815,"7"
14,8,128,0.4435,"7"
14,8,512,0.215,"7"
14,9,0,1.618,"7"
14,9,32,0.5525,"7"
14,9,128,0.7115,"7"
14,9,512,0.3375,"7"
14,10,0,1.645,"7"
14,10,32,0.088,"7"
14,10,128,0.1035,"7"
14,10,512,0.0985,"7"
14,11,0,1.5885,"7"
14,11,32,0.0755,"7"
14,11,128,0.088,"7"
14,11,512,0.0605,"7"
14,12,0,1.6185,"7"
14,12,32,0.955,"7"
14,12,128,1.167,"7"
14,12,512,0.767,"7"
15,1,0,1.4645,"7"
15,1,32,1.096,"7"
15,1,128,1.342,"7"
15,1,512,1.304,"7"
15,2,0,1.386,"7"
15,2,32,0.0315,"7"
15,2,128,0.19,"7"
15,2,512,0.0395,"7"
15,3,0,1.372,"7"
15,3,32,0.028,"7"
15,3,128,0.1245,"7"
15,3,512,0.151,"7"
15,4,0,1.394,"7"
15,4,32,0.0105,"7"
15,4,128,0.0365,"7"
15,4,512,0.042,"7"
15,5,0,1.38,"7"
15,5,32,0.032,"7"
15,5,128,0.0685,"7"
15,5,512,0.13,"7"
15,6,0,1.4595,"7"
15,6,32,0.173,"7"
15,6,128,0.4575,"7"
15,6,512,0.2175,"7"
15,7,0,1.364,"7"
15,7,32,0.01,"7"
15,7,128,0.2545,"7"
15,7,512,0.161,"7"
15,8,0,1.4575,"7"
15,8,32,0.1585,"7"
15,8,128,0.231,"7"
15,8,512,0.082,"7"
15,9,0,1.3885,"7"
15,9,32,0.1495,"7"
15,9,128,0.3685,"7"
15,9,512,0.131,"7"
15,10,0,1.4865,"7"
15,10,32,0.464,"7"
15,10,128,0.596,"7"
15,10,512,0.331,"7"
15,11,0,1.442,"7"
15,11,32,0.2635,"7"
15,11,128,0.5175,"7"
15,11,512,0.5805,"7"
15,12,0,1.37,"7"
15,12,32,0.0265,"7"
15,12,128,0.167,"7"
15,12,512,0.0685,"7"
16,1,0,1.628,"7"
16,1,32,0.282,"7"
16,1,128,0.214,"7"
16,1,512,0.1895,"7"
16,2,0,1.6315,"7"
16,2,32,0.503,"7"
16,2,128,0.702,"7"
16,2,512,0.357,"7"
16,3,0,1.6265,"7"
16,3,32,0.6655,"7"
16,3,128,0.815,"7"
16,3,512,0.4835,"7"
16,4,0,1.6275,"7"
16,4,32,0.6135,"7"
16,4,128,0.8955,"7"
16,4,512,0.396,"7"
16,5,0,1.6365,"7"
16,5,32,0.2425,"7"
16,5,128,0.3755,"7"
16,5,512,0.2915,"7"
16,6,0,1.618,"7"
16,6,32,0.6915,"7"
16,6,128,1.0155,"7"
16,6,512,0.5415,"7"
16,7,0,1.6315,"7"
16,7,32,0.222,"7"
16,7,128,0.448,"7"
16,7,512,0.38,"7"
16,8,0,1.622,"7"
16,8,32,0.261,"7"
16,8,128,0.403,"7"
16,8,512,0.289,"7"
16,9,0,1.6165,"7"
16,9,32,0.526,"7"
16,9,128,0.629,"7"
16,9,512,0.225,"7"
16,10,0,1.5995,"7"
16,10,32,0.497,"7"
16,10,128,0.8695,"7"
16,10,512,0.564,"7"
16,11,0,1.6325,"7"
16,11,32,0.5485,"7"
16,11,128,0.5925,"7"
16,11,512,0.2245,"7"
16,12,0,1.607,"7"
16,12,32,0.196,"7"
16,12,128,0.378,"7"
16,12,512,0.2025,"7"
17,1,0,1.616,"7"
17,1,32,1.3645,"7"
17,1,128,1.355,"7"
17,1,512,1.357,"7"
17,2,0,1.639,"7"
17,2,32,1.582,"7"
17,2,128,1.562,"7"
17,2,512,1.5725,"7"
17,3,0,1.558,"7"
17,3,32,0.2235,"7"
17,3,128,0.1575,"7"
17,3,512,0.1825,"7"
17,4,0,1.456,"7"
17,4,32,0.052,"7"
17,4,128,0.129,"7"
17,4,512,0.093,"7"
17,5,0,1.6295,"7"
17,5,32,0.1705,"7"
17,5,128,0.3655,"7"
17,5,512,0.4505,"7"
17,6,0,1.454,"7"
17,6,32,0.0425,"7"
17,6,128,0.0375,"7"
17,6,512,0.0805,"7"
17,7,0,1.497,"7"
17,7,32,0.144,"7"
17,7,128,0.2235,"7"
17,7,512,0.2155,"7"
17,8,0,1.5885,"7"
17,8,32,0.1195,"7"
17,8,128,0.1755,"7"
17,8,512,0.179,"7"
17,9,0,1.598,"7"
17,9,32,0.089,"7"
17,9,128,0.118,"7"
17,9,512,0.144,"7"
17,10,0,1.5985,"7"
17,10,32,0.1615,"7"
17,10,128,0.3,"7"
17,10,512,0.36,"7"
17,11,0,1.455,"7"
17,11,32,0.0335,"7"
17,11,128,0.068,"7"
17,11,512,0.2245,"7"
17,12,0,1.4485,"7"
17,12,32,0.0145,"7"
17,12,128,0.0325,"7"
17,12,512,0.083,"7"
18,1,0,1.6605,"7"
18,1,32,0.9415,"7"
18,1,128,1.354,"7"
18,1,512,1.1885,"7"
18,2,0,1.6405,"7"
18,2,32,0.8765,"7"
18,2,128,1.364,"7"
18,2,512,1.259,"7"
18,3,0,1.6265,"7"
18,3,32,0.6995,"7"
18,3,128,1.268,"7"
18,3,512,0.904,"7"
18,4,0,1.636,"7"
18,4,32,0.931,"7"
18,4,128,1.34,"7"
18,4,512,1.1945,"7"
18,5,0,1.6295,"7"
18,5,32,0.826,"7"
18,5,128,1.371,"7"
18,5,512,1.2765,"7"
18,6,0,1.639,"7"
18,6,32,0.695,"7"
18,6,128,1.293,"7"
18,6,512,1.1835,"7"
18,7,0,1.653,"7"
18,7,32,0.4125,"7"
18,7,128,0.9425,"7"
18,7,512,0.5215,"7"
18,8,0,1.644,"7"
18,8,32,0.9675,"7"
18,8,128,1.277,"7"
18,8,512,1.115,"7"
18,9,0,1.6305,"7"
18,9,32,0.876,"7"
18,9,128,1.2945,"7"
18,9,512,1.1715,"7"
18,10,0,1.63,"7"
18,10,32,0.9185,"7"
18,10,128,1.31,"7"
18,10,512,1.1935,"7"
18,11,0,1.6625,"7"
18,11,32,0.9765,"7"
18,11,128,1.309,"7"
18,11,512,1.121,"7"
18,12,0,1.644,"7"
18,12,32,0.6565,"7"
18,12,128,1.2385,"7"
18,12,512,1.117,"7"
19,1,0,1.586,"7"
19,1,32,0.331,"7"
19,1,128,0.584,"7"
19,1,512,0.45,"7"
19,2,0,1.653,"7"
19,2,32,0.4575,"7"
19,2,128,0.825,"7"
19,2,512,0.67,"7"
19,3,0,1.64,"7"
19,3,32,0.9525,"7"
19,3,128,1.3035,"7"
19,3,512,1.233,"7"
19,4,0,1.6625,"7"
19,4,32,0.701,"7"
19,4,128,1.228,"7"
19,4,512,1.123,"7"
19,5,0,1.6305,"7"
19,5,32,0.5425,"7"
19,5,128,1.1495,"7"
19,5,512,0.8155,"7"
19,6,0,1.6025,"7"
19,6,32,0.3205,"7"
19,6,128,0.6635,"7"
19,6,512,0.573,"7"
19,7,0,1.6575,"7"
19,7,32,0.07,"7"
19,7,128,0.256,"7"
19,7,512,0.2125,"7"
19,8,0,0.004,"7"
19,8,32,0.0035,"7"
19,8,128,0.00800000000000001,"7"
19,8,512,0.00800000000000001,"7"
19,9,0,1.5635,"7"
19,9,32,1.3525,"7"
19,9,128,1.363,"7"
19,9,512,0.3015,"7"
19,10,0,1.624,"7"
19,10,32,1.2695,"7"
19,10,128,1.342,"7"
19,10,512,1.246,"7"
19,11,0,1.6955,"7"
19,11,32,0.3675,"7"
19,11,128,0.665,"7"
19,11,512,0.449,"7"
19,12,0,1.623,"7"
19,12,32,0.487,"7"
19,12,128,0.7545,"7"
19,12,512,0.7485,"7"
20,1,0,1.6605,"7"
20,1,32,0.554,"7"
20,1,128,1.159,"7"
20,1,512,1.144,"7"
20,2,0,1.6575,"7"
20,2,32,0.6035,"7"
20,2,128,1.0705,"7"
20,2,512,1.1705,"7"
20,3,0,1.6395,"7"
20,3,32,0.8285,"7"
20,3,128,1.2415,"7"
20,3,512,1.267,"7"
20,4,0,1.6545,"7"
20,4,32,0.842,"7"
20,4,128,1.2565,"7"
20,4,512,1.2945,"7"
20,5,0,1.6505,"7"
20,5,32,0.364,"7"
20,5,128,0.749,"7"
20,5,512,0.878,"7"
20,6,0,1.639,"7"
20,6,32,0.811,"7"
20,6,128,1.2085,"7"
20,6,512,1.26,"7"
20,7,0,1.6575,"7"
20,7,32,0.1225,"7"
20,7,128,0.6125,"7"
20,7,512,0.795,"7"
20,8,0,1.6585,"7"
20,8,32,0.9255,"7"
20,8,128,1.289,"7"
20,8,512,1.324,"7"
20,9,0,1.643,"7"
20,9,32,0.225,"7"
20,9,128,0.5125,"7"
20,9,512,0.577,"7"
20,10,0,1.6485,"7"
20,10,32,0.1605,"7"
20,10,128,0.228,"7"
20,10,512,0.5755,"7"
20,11,0,1.659,"7"
20,11,32,0.723,"7"
20,11,128,1.222,"7"
20,11,512,1.355,"7"
20,12,0,1.6275,"7"
20,12,32,0.3165,"7"
20,12,128,0.774,"7"
20,12,512,0.913,"7"
