"line","rep","enviro","data","sd","se"
1,1,0,1.7945,0.115064112563388,0.0813626142647838
1,1,0.5,1.809,NA,NA
1,1,1,1.853,0.0509116882454315,0.0509116882454315
1,1,4,1.593,NA,NA
1,1,8,0.24475,0.0908632213824714,0.0908632213824714
1,1,32,0.2055,0.153442171517481,0.153442171517481
1,1,128,0.1095,NA,NA
1,2,0,1.766,0.117042727240952,0.0827617061206449
1,2,0.5,1.786,NA,NA
1,2,1,1.8315,0.0544472221513643,0.0544472221513643
1,2,4,1.54,NA,NA
1,2,8,0.16875,0.153088618126888,0.153088618126888
1,2,32,0.16775,0.194100811435707,0.194100811435707
1,2,128,0.039,NA,NA
1,3,0,1.76666666666667,0.104001602551756,0.0735402384186145
1,3,0.5,1.794,NA,NA
1,3,1,1.8275,0.0360624458405139,0.0360624458405139
1,3,4,1.472,NA,NA
1,3,8,0.19375,0.127632774004172,0.127632774004172
1,3,32,0.17175,0.196929238560453,0.196929238560453
1,3,128,0.035,NA,NA
1,4,0,1.79116666666667,0.0992475860327763,0.0701786411001714
1,4,0.5,1.79,NA,NA
1,4,1,1.844,0.0395979797464467,0.0395979797464467
1,4,4,1.533,NA,NA
1,4,8,0.2385,0.0883883476483184,0.0883883476483184
1,4,32,0.21375,0.151674404564514,0.151674404564514
1,4,128,0.1365,NA,NA
1,5,0,1.74516666666667,0.100563827161327,0.0711093641278466
1,5,0.5,1.756,NA,NA
1,5,1,1.82,0.0367695526217005,0.0367695526217005
1,5,4,1.485,NA,NA
1,5,8,0.193,0.0989949493661167,0.0989949493661167
1,5,32,0.14975,0.165816540188245,0.165816540188245
1,5,128,0.075,NA,NA
1,6,0,1.75,0.09559811713627,0.0675980768957224
1,6,0.5,1.765,NA,NA
1,6,1,1.816,0.029698484809835,0.029698484809835
1,6,4,1.576,NA,NA
1,6,8,0.2,0.103237590053236,0.103237590053236
1,6,32,0.17925,0.169352074094178,0.169352074094178
1,6,128,0.0815,NA,NA
1,7,0,1.76016666666667,0.0829974899218846,0.0586880879452268
1,7,0.5,1.79,NA,NA
1,7,1,1.818,0.0240416305603426,0.0240416305603426
1,7,4,1.517,NA,NA
1,7,8,0.23125,0.11985459941112,0.11985459941112
1,7,32,0.169,0.182433549546129,0.182433549546129
1,7,128,0.0925,NA,NA
1,8,0,1.7855,0.0898039531423868,0.0635009842443407
1,8,0.5,1.79,NA,NA
1,8,1,1.8485,0.0176776695296636,0.0176776695296636
1,8,4,1.414,NA,NA
1,8,8,0.19275,0.0894490078200983,0.0894490078200983
1,8,32,0.176,0.175362481734264,0.175362481734264
1,8,128,0.1195,NA,NA
1,9,0,1.735,0.110109036868006,0.0778588466392869
1,9,0.5,1.775,NA,NA
1,9,1,1.8365,0.0346482322781408,0.0346482322781408
1,9,4,1.426,NA,NA
1,9,8,0.16325,0.182079996155536,0.182079996155536
1,9,32,0.154,0.202232539419353,0.202232539419353
1,9,128,0.0345,NA,NA
1,10,0,1.73583333333333,0.0745860800239116,0.0527403229670304
1,10,0.5,1.728,NA,NA
1,10,1,1.7955,0.0289913780286486,0.0289913780286486
1,10,4,1.441,NA,NA
1,10,8,0.23775,0.0951058620695906,0.0951058620695906
1,10,32,0.19225,0.187736850405028,0.187736850405028
1,10,128,0.1125,NA,NA
1,11,0,1.76066666666667,0.107034262427194,0.0756846527815691
1,11,0.5,1.77,NA,NA
1,11,1,1.838,0.0537401153701775,0.0537401153701775
1,11,4,1.436,NA,NA
1,11,8,0.173,0.176776695296637,0.176776695296637
1,11,32,0.1655,0.215667568261897,0.215667568261897
1,11,128,0.02,NA,NA
1,12,0,1.72783333333333,0.0637815281514432,0.0451003510703261
1,12,0.5,1.773,NA,NA
1,12,1,1.8215,0.0431335136523795,0.0431335136523795
1,12,4,1.413,NA,NA
1,12,8,0.2255,0.0954594154601839,0.0954594154601839
1,12,32,0.197,0.171119841047145,0.171119841047145
1,12,128,0.1235,NA,NA
2,1,0,1.72316666666667,0.179113325392985,0.126652246986252
2,1,0.5,1.716,NA,NA
2,1,1,1.4975,0.183140656327316,0.183140656327316
2,1,4,0.363,NA,NA
2,1,8,0.10175,0.114904851942814,0.114904851942814
2,1,32,0.09275,0.106419570568575,0.106419570568575
2,1,128,0.0255,NA,NA
2,2,0,1.70533333333333,0.196510389886472,0.138953829262337
2,2,0.5,1.678,NA,NA
2,2,1,1.3465,0.023334523779156,0.023334523779156
2,2,4,0.239,NA,NA
2,2,8,0.09,0.0791959594928933,0.0791959594928933
2,2,32,0.082,0.0834386001800126,0.0834386001800126
2,2,128,0.0275,NA,NA
2,3,0,1.736,0.104541857645634,0.0739222564590664
2,3,0.5,1.717,NA,NA
2,3,1,1.7325,0.02050609665441,0.02050609665441
2,3,4,0.258,NA,NA
2,3,8,0.08025,0.0901561146012848,0.0901561146012848
2,3,32,0.077,0.0876812408671319,0.0876812408671319
2,3,128,0.0185,NA,NA
2,4,0,1.77566666666667,0.0960954386707992,0.0679497363252181
2,4,0.5,1.76,NA,NA
2,4,1,1.7995,0.053033008588991,0.053033008588991
2,4,4,0.181,NA,NA
2,4,8,0.087,0.0820243866176395,0.0820243866176395
2,4,32,0.0815,0.0827314933988261,0.0827314933988261
2,4,128,0.0235,NA,NA
2,5,0,1.69283333333333,0.128532421331481,0.0908861467258167
2,5,0.5,1.69,NA,NA
2,5,1,1.3915,0.215667568261897,0.215667568261897
2,5,4,0.214,NA,NA
2,5,8,0.0715,0.0869741340859454,0.0869741340859454
2,5,32,0.06975,0.085206367132979,0.085206367132979
2,5,128,0.0125,NA,NA
2,6,0,1.6425,0.192094377845891,0.13583123720264
2,6,0.5,1.678,NA,NA
2,6,1,1.696,0.0183847763108503,0.0183847763108503
2,6,4,0.246,NA,NA
2,6,8,0.07425,0.0887419010389117,0.0887419010389117
2,6,32,0.07275,0.0894490078200983,0.0894490078200983
2,6,128,0.012,NA,NA
2,7,0,1.65683333333333,0.0542271457236441,0.0383443824655798
2,7,0.5,1.652,NA,NA
2,7,1,1.632,0.0268700576850888,0.0268700576850888
2,7,4,0.195,NA,NA
2,7,8,0.07575,0.085206367132979,0.085206367132979
2,7,32,0.0695,0.0883883476483184,0.0883883476483184
2,7,128,0.016,NA,NA
2,8,0,1.719,0.0762954782408499,0.0539490500379756
2,8,0.5,1.696,NA,NA
2,8,1,1.5,0.13717871555019,0.13717871555019
2,8,4,0.339,NA,NA
2,8,8,0.1225,0.132228968081884,0.132228968081884
2,8,32,0.12225,0.146724657096209,0.146724657096209
2,8,128,0.0575,NA,NA
2,9,0,1.68566666666667,0.0860077515886407,0.0608166643829359
2,9,0.5,1.713,NA,NA
2,9,1,1.696,0.00282842712474619,0.00282842712474619
2,9,4,0.293,NA,NA
2,9,8,0.0765,0.0982878425849301,0.0982878425849301
2,9,32,0.071,0.089095454429505,0.089095454429505
2,9,128,0.0115,NA,NA
2,10,0,1.56766666666667,0.197760798272391,0.139838001511273
2,10,0.5,1.707,NA,NA
2,10,1,1.476,0.240416305603426,0.240416305603426
2,10,4,0.105,NA,NA
2,10,8,0.07125,0.0915703281636579,0.0915703281636579
2,10,32,0.06925,0.0887419010389117,0.0887419010389117
2,10,128,0.00900000000000001,NA,NA
2,11,0,1.70583333333333,0.0922907543220518,0.0652594182219445
2,11,0.5,1.676,NA,NA
2,11,1,1.704,0.0664680374315354,0.0664680374315354
2,11,4,0.146,NA,NA
2,11,8,0.07325,0.0901561146012848,0.0901561146012848
2,11,32,0.07075,0.085206367132979,0.085206367132979
2,11,128,0.013,NA,NA
2,12,0,1.6425,0.0712513157773244,0.0503822885546101
2,12,0.5,1.725,NA,NA
2,12,1,1.492,0.203646752981726,0.203646752981726
2,12,4,0.136,NA,NA
2,12,8,0.095,0.089095454429505,0.089095454429505
2,12,32,0.08975,0.0781352993211135,0.0781352993211135
2,12,128,0.0345,NA,NA
3,1,0,1.76883333333333,0.126386642226674,0.0893688517698794
3,1,0.5,1.267,NA,NA
3,1,1,1.157,0.0523259018078044,0.0523259018078044
3,1,4,1.034,NA,NA
3,1,8,1.09025,0.0378302127934804,0.0378302127934804
3,1,32,1.076,0.0622253967444162,0.0622253967444162
3,1,128,1.009,NA,NA
3,2,0,1.7385,0.105854853455097,0.0748506846996071
3,2,0.5,1.196,NA,NA
3,2,1,1.0785,0.0714177848998413,0.0714177848998413
3,2,4,1.007,NA,NA
3,2,8,1.0175,0.0827314933988261,0.0827314933988261
3,2,32,0.994,0.0636396103067893,0.0636396103067893
3,2,128,0.987,NA,NA
3,3,0,1.739,0.113582569085225,0.0803150048247524
3,3,0.5,1.554,NA,NA
3,3,1,1.527,0.0325269119345812,0.0325269119345812
3,3,4,1.438,NA,NA
3,3,8,1.39025,0.155209938470447,0.155209938470447
3,3,32,1.25225,0.00954594154601828,0.00954594154601828
3,3,128,1.2165,NA,NA
3,4,0,1.54566666666667,0.270917576641556,0.19156765558587
3,4,0.5,1.206,NA,NA
3,4,1,0.9165,0.412243253431757,0.412243253431757
3,4,4,1.059,NA,NA
3,4,8,0.65075,0.194807918216894,0.194807918216894
3,4,32,0.5385,0.301934595566656,0.301934595566656
3,4,128,0.731,NA,NA
3,5,0,1.71666666666667,0.12491730598013,0.0883298741461045
3,5,0.5,1.23,NA,NA
3,5,1,1.2505,0.0445477272147525,0.0445477272147525
3,5,4,1.131,NA,NA
3,5,8,1.0785,0.224152849636136,0.224152849636136
3,5,32,0.97425,0.19763634534164,0.19763634534164
3,5,128,0.7335,NA,NA
3,6,0,1.70933333333333,0.132266145832308,0.0935262886394337
3,6,0.5,1.085,NA,NA
3,6,1,1.113,0.0622253967444162,0.0622253967444162
3,6,4,0.904,NA,NA
3,6,8,0.8935,0.331633080376491,0.331633080376491
3,6,32,0.79375,0.284610479427585,0.284610479427585
3,6,128,0.5885,NA,NA
3,7,0,1.72233333333333,0.101194532131599,0.071555339889254
3,7,0.5,1.153,NA,NA
3,7,1,1.173,0.0155563491861041,0.0155563491861041
3,7,4,0.848,NA,NA
3,7,8,0.80375,0.397747564417433,0.397747564417433
3,7,32,0.7545,0.381130555059549,0.381130555059549
3,7,128,0.507,NA,NA
3,8,0,1.73933333333333,0.106288914442351,0.0751576121671429
3,8,0.5,1.315,NA,NA
3,8,1,1.384,0.0834386001800127,0.0834386001800127
3,8,4,1.177,NA,NA
3,8,8,1.28075,0.204000306372319,0.204000306372319
3,8,32,1.15725,0.248548033587071,0.248548033587071
3,8,128,1.0865,NA,NA
3,9,0,1.7055,0.105293637034723,0.0744538447630476
3,9,0.5,1.262,NA,NA
3,9,1,1.197,0.0424264068711929,0.0424264068711929
3,9,4,1.138,NA,NA
3,9,8,1.07925,0.231577470838594,0.231577470838594
3,9,32,1.0195,0.208596500450032,0.208596500450032
3,9,128,0.8495,NA,NA
3,10,0,1.73033333333333,0.0979302472851638,0.0692471419386148
3,10,0.5,1.126,NA,NA
3,10,1,1.088,0.0014142135623731,0.0014142135623731
3,10,4,0.787,NA,NA
3,10,8,0.9705,0.143542676580869,0.143542676580869
3,10,32,0.848,0.135764501987817,0.135764501987817
3,10,128,0.7925,NA,NA
3,11,0,1.73066666666667,0.12002222016499,0.0848685257717292
3,11,0.5,1.088,NA,NA
3,11,1,1.0475,0.208596500450032,0.208596500450032
3,11,4,0.795,NA,NA
3,11,8,0.9555,0.167584307141212,0.167584307141212
3,11,32,0.90075,0.168644967312992,0.168644967312992
3,11,128,0.6585,NA,NA
3,12,0,1.69416666666667,0.126178775288609,0.0892218676483891
3,12,0.5,1.045,NA,NA
3,12,1,1.2925,0.0643467170879758,0.0643467170879758
3,12,4,0.603,NA,NA
3,12,8,0.956,0.220617315730203,0.220617315730203
3,12,32,0.922,0.216374675043083,0.216374675043083
3,12,128,0.7395,NA,NA
4,1,0,1.698,0.156387339641034,0.110582548351899
4,1,0.5,1.69,NA,NA
4,1,1,1.749,0.0933380951166242,0.0933380951166242
4,1,4,0.776,NA,NA
4,1,8,0.5335,0.0346482322781409,0.0346482322781409
4,1,32,0.3865,0.0134350288425444,0.0134350288425444
4,1,128,0.401,NA,NA
4,2,0,1.744,0.127070846381064,0.0898526571671645
4,2,0.5,1.753,NA,NA
4,2,1,1.809,0.0579827560572969,0.0579827560572969
4,2,4,0.459,NA,NA
4,2,8,0.1615,0.123743686707646,0.123743686707646
4,2,32,0.10775,0.0639931636973825,0.0639931636973825
4,2,128,0.1275,NA,NA
4,3,0,1.789,0.100059982010792,0.0707530918052349
4,3,0.5,1.796,NA,NA
4,3,1,1.817,0.043840620433566,0.043840620433566
4,3,4,0.463,NA,NA
4,3,8,0.0845,0.0756604255869606,0.0756604255869606
4,3,32,0.077,0.0707106781186548,0.0707106781186548
4,3,128,0.0255,NA,NA
4,4,0,1.79366666666667,0.123783412997596,0.0875280907290149
4,4,0.5,1.758,NA,NA
4,4,1,1.8555,0.0954594154601839,0.0954594154601839
4,4,4,1.099,NA,NA
4,4,8,0.16825,0.011667261889578,0.011667261889578
4,4,32,0.1465,0.0657609306503489,0.0657609306503489
4,4,128,0.115,NA,NA
4,5,0,1.73833333333333,0.178981377057317,0.126558945423335
4,5,0.5,1.749,NA,NA
4,5,1,1.8145,0.096873629022557,0.096873629022557
4,5,4,0.225,NA,NA
4,5,8,0.08,0.0919238815542512,0.0919238815542512
4,5,32,0.084,0.0678822509939086,0.0678822509939086
4,5,128,0.0475,NA,NA
4,6,0,1.7415,0.126270542883128,0.0892867571367669
4,6,0.5,1.735,NA,NA
4,6,1,1.544,0.101823376490863,0.101823376490863
4,6,4,1.146,NA,NA
4,6,8,1.18525,0.0385373195746668,0.0385373195746668
4,6,32,1.121,0.0523259018078044,0.0523259018078044
4,6,128,1.195,NA,NA
4,7,0,1.78666666666667,0.0822759584163766,0.0581778881248423
4,7,0.5,1.791,NA,NA
4,7,1,1.8,0.0381837661840736,0.0381837661840736
4,7,4,0.264,NA,NA
4,7,8,0.081,0.0905096679918781,0.0905096679918781
4,7,32,0.0705,0.081317279836453,0.081317279836453
4,7,128,0.012,NA,NA
4,8,0,1.76333333333333,0.116362937971389,0.0822810225183588
4,8,0.5,1.758,NA,NA
4,8,1,1.8085,0.0544472221513641,0.0544472221513641
4,8,4,0.31,NA,NA
4,8,8,0.099,0.0933380951166243,0.0933380951166243
4,8,32,0.07175,0.0795495128834866,0.0795495128834866
4,8,128,0.0205,NA,NA
4,9,0,1.7445,0.128338419812619,0.0907489669362688
4,9,0.5,1.761,NA,NA
4,9,1,1.825,0.104651803615609,0.104651803615609
4,9,4,0.209,NA,NA
4,9,8,0.08825,0.0943987552884041,0.0943987552884041
4,9,32,0.07475,0.0866205806953521,0.0866205806953521
4,9,128,0.027,NA,NA
4,10,0,1.72883333333333,0.0933197906841488,0.0659870568116708
4,10,0.5,1.735,NA,NA
4,10,1,1.7455,0.0883883476483184,0.0883883476483184
4,10,4,0.244,NA,NA
4,10,8,0.09375,0.0767210857587404,0.0767210857587404
4,10,32,0.12225,0.11985459941112,0.11985459941112
4,10,128,0.0445,NA,NA
4,11,0,1.75566666666667,0.091440326625255,0.0646580750306307
4,11,0.5,1.737,NA,NA
4,11,1,1.7515,0.0728319984622144,0.0728319984622144
4,11,4,0.208,NA,NA
4,11,8,0.07525,0.0844992603517924,0.0844992603517924
4,11,32,0.078,0.0763675323681471,0.0763675323681471
4,11,128,0.0145,NA,NA
4,12,0,1.50016666666667,0.225558381208354,0.159493860905888
4,12,0.5,1.655,NA,NA
4,12,1,1.625,0.123036579926459,0.123036579926459
4,12,4,0.693,NA,NA
4,12,8,0.14925,0.0265165042944955,0.0265165042944955
4,12,32,0.123,0.0551543289325507,0.0551543289325507
4,12,128,0.084,NA,NA
5,1,0,1.75133333333333,0.110183180809656,0.0779112743232112
5,1,0.5,1.723,NA,NA
5,1,1,1.72,0.148492424049175,0.148492424049175
5,1,4,1.46,NA,NA
5,1,8,1.5125,0.219910208949016,0.219910208949016
5,1,32,1.49275,0.219556655558423,0.219556655558423
5,1,128,1.2505,NA,NA
5,2,0,1.735,0.110774545812655,0.0783294325269882
5,2,0.5,1.702,NA,NA
5,2,1,1.717,0.128693434175952,0.128693434175952
5,2,4,1.461,NA,NA
5,2,8,1.51975,0.188443957186215,0.188443957186215
5,2,32,1.47575,0.212485587746558,0.212485587746558
5,2,128,1.292,NA,NA
5,3,0,1.745,0.125367459892908,0.088648181030408
5,3,0.5,1.687,NA,NA
5,3,1,1.71,0.140007142674936,0.140007142674936
5,3,4,1.48,NA,NA
5,3,8,1.55025,0.169352074094178,0.169352074094178
5,3,32,1.519,0.186676190233249,0.186676190233249
5,3,128,1.401,NA,NA
5,4,0,1.75733333333333,0.102919062050396,0.0727747666891943
5,4,0.5,1.687,NA,NA
5,4,1,1.725,0.142835569799683,0.142835569799683
5,4,4,1.522,NA,NA
5,4,8,1.54425,0.232991684400968,0.232991684400967
5,4,32,1.481,0.299813275223096,0.299813275223096
5,4,128,1.3025,NA,NA
5,5,0,1.711,0.0992018144995343,0.0701462757386307
5,5,0.5,1.575,NA,NA
5,5,1,1.6945,0.140714249456123,0.140714249456123
5,5,4,1.529,NA,NA
5,5,8,1.57075,0.172887608000111,0.172887608000111
5,5,32,1.52,0.15980613254816,0.15980613254816
5,5,128,1.3985,NA,NA
5,6,0,1.725,0.110322255234382,0.0780096147920243
5,6,0.5,1.67,NA,NA
5,6,1,1.6815,0.153442171517481,0.153442171517481
5,6,4,1.454,NA,NA
5,6,8,1.48025,0.213192694527744,0.213192694527744
5,6,32,1.431,0.253144227664784,0.253144227664784
5,6,128,1.2165,NA,NA
5,7,0,1.734,0.0942974018730103,0.0666783323126787
5,7,0.5,1.667,NA,NA
5,7,1,1.678,0.15980613254816,0.15980613254816
5,7,4,1.434,NA,NA
5,7,8,1.489,0.176776695296637,0.176776695296637
5,7,32,1.4265,0.163341666454093,0.163341666454093
5,7,128,1.237,NA,NA
5,8,0,1.73733333333333,0.095798399429914,0.0677396978637097
5,8,0.5,1.683,NA,NA
5,8,1,1.697,0.141421356237309,0.141421356237309
5,8,4,1.462,NA,NA
5,8,8,1.50925,0.148138870658582,0.148138870658582
5,8,32,1.45175,0.143189123190276,0.143189123190276
5,8,128,1.3195,NA,NA
5,9,0,1.72666666666667,0.111073549206521,0.0785408598543883
5,9,0.5,1.669,NA,NA
5,9,1,1.68,0.154149278298667,0.154149278298667
5,9,4,1.335,NA,NA
5,9,8,1.45125,0.306530789644368,0.306530789644368
5,9,32,1.4155,0.320319371877506,0.320319371877506
5,9,128,1.165,NA,NA
5,10,0,1.71733333333333,0.0915660053367697,0.0647469432997935
5,10,0.5,1.69,NA,NA
5,10,1,1.687,0.151320851173921,0.151320851173921
5,10,4,1.429,NA,NA
5,10,8,1.4895,0.222738636073762,0.222738636073762
5,10,32,1.4355,0.287792459942925,0.287792459942925
5,10,128,1.197,NA,NA
5,11,0,1.7305,0.100519898527605,0.0710783018930531
5,11,0.5,1.719,NA,NA
5,11,1,1.679,0.145663996924429,0.145663996924429
5,11,4,1.469,NA,NA
5,11,8,1.447,0.287085353161738,0.287085353161738
5,11,32,1.37,0.306884343034962,0.306884343034962
5,11,128,1.1,NA,NA
5,12,0,1.704,0.109219961545498,0.0772301754497554
5,12,0.5,1.651,NA,NA
5,12,1,1.686,0.141421356237309,0.141421356237309
5,12,4,1.439,NA,NA
5,12,8,1.536,0.213546247918337,0.213546247918337
5,12,32,1.46775,0.235113004744527,0.235113004744527
5,12,128,1.238,NA,NA
6,1,0,1.6815,0.104810543362774,0.0741122459516645
6,1,0.5,1.645,NA,NA
6,1,1,1.725,0.110308657865101,0.110308657865101
6,1,4,0.872,NA,NA
6,1,8,0.2985,0.0502045814642449,0.0502045814642449
6,1,32,0.2575,0.0714177848998413,0.0714177848998413
6,1,128,1.06,NA,NA
6,2,0,1.70183333333333,0.107368912322578,0.0759212859919185
6,2,0.5,1.703,NA,NA
6,2,1,1.786,0.0636396103067892,0.0636396103067892
6,2,4,0.559,NA,NA
6,2,8,0.24875,0.116319065505187,0.116319065505187
6,2,32,0.18575,0.110662211255695,0.110662211255695
6,2,128,0.424,NA,NA
6,3,0,1.6855,0.0863003476238653,0.0610235610235915
6,3,0.5,1.717,NA,NA
6,3,1,1.759,0.0537401153701775,0.0537401153701775
6,3,4,0.62,NA,NA
6,3,8,0.34025,0.0314662517628014,0.0314662517628014
6,3,32,0.29675,0.025809397513309,0.025809397513309
6,3,128,0.2685,NA,NA
6,4,0,1.78166666666667,0.0895786432880814,0.0633416661184932
6,4,0.5,1.774,NA,NA
6,4,1,1.8355,0.0261629509039024,0.0261629509039024
6,4,4,0.689,NA,NA
6,4,8,0.19875,0.0470226009489054,0.0470226009489054
6,4,32,0.17625,0.0491439212924651,0.0491439212924651
6,4,128,0.1735,NA,NA
6,5,0,1.697,0.0898220462915425,0.0635137780328017
6,5,0.5,1.692,NA,NA
6,5,1,1.7635,0.0459619407771256,0.0459619407771256
6,5,4,0.647,NA,NA
6,5,8,0.261,0.0410121933088197,0.0410121933088197
6,5,32,0.2395,0.0558614357137373,0.0558614357137373
6,5,128,0.2625,NA,NA
6,6,0,1.7355,0.116583660947836,0.0824370972317682
6,6,0.5,1.719,NA,NA
6,6,1,1.799,0.0551543289325508,0.0551543289325508
6,6,4,0.392,NA,NA
6,6,8,0.14925,0.0661144840409422,0.0661144840409422
6,6,32,0.1275,0.0799030662740799,0.0799030662740799
6,6,128,0.0965,NA,NA
6,7,0,1.75616666666667,0.0777501339763047,0.0549776469728076
6,7,0.5,1.779,NA,NA
6,7,1,1.805,0.0155563491861041,0.0155563491861041
6,7,4,0.434,NA,NA
6,7,8,0.1365,0.0869741340859454,0.0869741340859454
6,7,32,0.1355,0.0883883476483184,0.0883883476483184
6,7,128,0.1015,NA,NA
6,8,0,1.69233333333333,0.097909822455836,0.0692326994032925
6,8,0.5,1.7,NA,NA
6,8,1,1.7485,0.0318198051533946,0.0318198051533946
6,8,4,0.599,NA,NA
6,8,8,0.2455,0.00494974746830584,0.00494974746830584
6,8,32,0.211,0.0438406204335659,0.0438406204335659
6,8,128,0.223,NA,NA
6,9,0,1.76116666666667,0.065384121415932,0.0462335556351301
6,9,0.5,1.773,NA,NA
6,9,1,1.7895,0.0261629509039024,0.0261629509039024
6,9,4,0.52,NA,NA
6,9,8,0.12975,0.0781352993211135,0.0781352993211135
6,9,32,0.1285,0.0784888527117068,0.0784888527117068
6,9,128,0.107,NA,NA
6,10,0,1.75033333333333,0.0715984171147193,0.050627726264041
6,10,0.5,1.744,NA,NA
6,10,1,1.805,0.0509116882454315,0.0509116882454315
6,10,4,0.345,NA,NA
6,10,8,0.22925,0.0901561146012848,0.0901561146012848
6,10,32,0.2115,0.0714177848998413,0.0714177848998413
6,10,128,0.1745,NA,NA
6,11,0,1.64666666666667,0.0509542278258962,0.0360300800258155
6,11,0.5,1.677,NA,NA
6,11,1,1.6875,0.00919238815542505,0.00919238815542505
6,11,4,0.268,NA,NA
6,11,8,0.30525,0.018031222920257,0.018031222920257
6,11,32,0.19875,0.130461201128918,0.130461201128918
6,11,128,0.162,NA,NA
6,12,0,1.69783333333333,0.0390074779155655,0.0275824521510809
6,12,0.5,1.729,NA,NA
6,12,1,1.774,0.0282842712474619,0.0282842712474619
6,12,4,0.273,NA,NA
6,12,8,0.15275,0.0767210857587404,0.0767210857587404
6,12,32,0.118,0.074953318805774,0.074953318805774
6,12,128,0.0755,NA,NA
7,1,0,1.62266666666667,0.0762714450717523,0.0539320560211333
7,1,0.5,1.68,NA,NA
7,1,1,1.6235,0.0417193000900063,0.0417193000900063
7,1,4,0.444,NA,NA
7,1,8,0.224,0.015556349186104,0.015556349186104
7,1,32,0.20975,0.000353553390593274,0.000353553390593274
7,1,128,0.133,NA,NA
7,2,0,1.70533333333333,0.108702959174686,0.0768645995674646
7,2,0.5,1.704,NA,NA
7,2,1,1.752,0.0523259018078044,0.0523259018078044
7,2,4,0.616,NA,NA
7,2,8,0.20125,0.0675286976033153,0.0675286976033153
7,2,32,0.1075,0.0403050865276332,0.0403050865276332
7,2,128,0.101,NA,NA
7,3,0,1.73733333333333,0.100664459136943,0.0711805216802088
7,3,0.5,1.731,NA,NA
7,3,1,1.769,0.0537401153701775,0.0537401153701775
7,3,4,1.057,NA,NA
7,3,8,0.2715,0.0629325035256027,0.0629325035256027
7,3,32,0.1955,0.00777817459305203,0.00777817459305203
7,3,128,0.186,NA,NA
7,4,0,1.7035,0.129337736179353,0.0914555903157375
7,4,0.5,1.679,NA,NA
7,4,1,1.7515,0.0261629509039022,0.0261629509039022
7,4,4,0.937,NA,NA
7,4,8,0.3755,0.115258405333407,0.115258405333407
7,4,32,0.2655,0.0332340187157677,0.0332340187157677
7,4,128,0.1935,NA,NA
7,5,0,1.66483333333333,0.0729423288175895,0.0515780153424564
7,5,0.5,1.68,NA,NA
7,5,1,1.717,0.0212132034355964,0.0212132034355964
7,5,4,0.852,NA,NA
7,5,8,0.4215,0.266579256507328,0.266579256507328
7,5,32,0.37125,0.1997576656852,0.1997576656852
7,5,128,0.4125,NA,NA
7,6,0,1.71433333333333,0.117406700547002,0.0830190741135233
7,6,0.5,1.705,NA,NA
7,6,1,1.7725,0.0487903679018717,0.0487903679018717
7,6,4,0.737,NA,NA
7,6,8,0.25725,0.0243951839509359,0.0243951839509359
7,6,32,0.12975,0.00601040764008566,0.00601040764008566
7,6,128,0.2075,NA,NA
7,7,0,1.6775,0.176869302028362,0.125065482847987
7,7,0.5,1.689,NA,NA
7,7,1,1.7295,0.0247487373415293,0.0247487373415293
7,7,4,0.942,NA,NA
7,7,8,0.221,0.0169705627484772,0.0169705627484772
7,7,32,0.13325,0.018031222920257,0.018031222920257
7,7,128,0.121,NA,NA
7,8,0,1.757,0.102058806577385,0.0721664742106748
7,8,0.5,1.733,NA,NA
7,8,1,1.7995,0.0120208152801714,0.0120208152801714
7,8,4,0.579,NA,NA
7,8,8,0.1395,0.0289913780286485,0.0289913780286485
7,8,32,0.11175,0.041365746699413,0.041365746699413
7,8,128,0.0645,NA,NA
7,9,0,1.71433333333333,0.109500380516843,0.0774284616059668
7,9,0.5,1.719,NA,NA
7,9,1,1.7675,0.0233345237791562,0.0233345237791562
7,9,4,0.72,NA,NA
7,9,8,0.1295,0.0742462120245875,0.0742462120245875
7,9,32,0.0935,0.0982878425849301,0.0982878425849301
7,9,128,0.016,NA,NA
7,10,0,1.6935,0.1144366637053,0.0809189409223823
7,10,0.5,1.646,NA,NA
7,10,1,1.685,0.0127279220613579,0.0127279220613579
7,10,4,0.629,NA,NA
7,10,8,0.5205,0.0176776695296637,0.0176776695296637
7,10,32,0.24025,0.0809637264458597,0.0809637264458597
7,10,128,0.1165,NA,NA
7,11,0,1.68666666666667,0.101657923121286,0.0718830068004022
7,11,0.5,1.676,NA,NA
7,11,1,1.729,0.00282842712474619,0.00282842712474619
7,11,4,0.55,NA,NA
7,11,8,0.267,0.224859956417322,0.224859956417322
7,11,32,0.12775,0.0993485027567099,0.0993485027567099
7,11,128,0.0425,NA,NA
7,12,0,1.71166666666667,0.107598017329937,0.0760832876962258
7,12,0.5,1.669,NA,NA
7,12,1,1.5825,0.211424927574778,0.211424927574778
7,12,4,0.246,NA,NA
7,12,8,0.15175,0.121975919754679,0.121975919754679
7,12,32,0.09225,0.0576292026667036,0.0576292026667036
7,12,128,0.017,NA,NA
8,1,0,1.75483333333333,0.0439782143035997,0.0310972935585506
8,1,0.5,1.746,NA,NA
8,1,1,1.781,0.0339411254969543,0.0339411254969543
8,1,4,0.997,NA,NA
8,1,8,0.21375,0.172887608000111,0.172887608000111
8,1,32,0.2485,0.275064537881567,0.275064537881567
8,1,128,0.131,NA,NA
8,2,0,1.77633333333333,0.0585007122463764,0.0413662503336557
8,2,0.5,1.771,NA,NA
8,2,1,1.8085,0.0275771644662755,0.0275771644662755
8,2,4,1.353,NA,NA
8,2,8,0.29225,0.176423141906044,0.176423141906044
8,2,32,0.24325,0.196222131779267,0.196222131779267
8,2,128,0.2065,NA,NA
8,3,0,1.76716666666667,0.0598546851410426,0.0423236537490169
8,3,0.5,1.733,NA,NA
8,3,1,1.793,0.043840620433566,0.043840620433566
8,3,4,0.624,NA,NA
8,3,8,0.1055,0.0855599205235723,0.0855599205235723
8,3,32,0.1225,0.137885822331377,0.137885822331377
8,3,128,0.0535,NA,NA
8,4,0,1.79983333333333,0.0503793939357485,0.0356236110840362
8,4,0.5,1.758,NA,NA
8,4,1,1.815,0.00282842712474619,0.00282842712474619
8,4,4,1.194,NA,NA
8,4,8,0.20475,0.120561706192306,0.120561706192306
8,4,32,0.173,0.0905096679918781,0.0905096679918781
8,4,128,0.1555,NA,NA
8,5,0,1.70683333333333,0.0745860800239115,0.0527403229670303
8,5,0.5,1.703,NA,NA
8,5,1,1.7415,0.0134350288425443,0.0134350288425443
8,5,4,1.68,NA,NA
8,5,8,0.287,0.231931024229188,0.231931024229188
8,5,32,0.14725,0.0618718433538229,0.0618718433538229
8,5,128,0.129,NA,NA
8,6,0,1.6865,0.103454096100638,0.0731530928942858
8,6,0.5,1.646,NA,NA
8,6,1,1.7155,0.0134350288425445,0.0134350288425445
8,6,4,0.746,NA,NA
8,6,8,0.58475,0.104298250225016,0.104298250225016
8,6,32,0.57075,0.0265165042944955,0.0265165042944955
8,6,128,0.6815,NA,NA
8,7,0,1.66183333333333,0.0446831437270626,0.0315957539341391
8,7,0.5,1.616,NA,NA
8,7,1,1.5685,0.154856385079854,0.154856385079854
8,7,4,0.691,NA,NA
8,7,8,0.1265,0.160513239329346,0.160513239329346
8,7,32,0.071,0.0919238815542512,0.0919238815542512
8,7,128,0.014,NA,NA
8,8,0,1.77733333333333,0.0450037035513005,0.0318224239596337
8,8,0.5,1.734,NA,NA
8,8,1,1.7725,0.0318198051533946,0.0318198051533946
8,8,4,1.13,NA,NA
8,8,8,0.119,0.125865007051205,0.125865007051205
8,8,32,0.1155,0.112429978208661,0.112429978208661
8,8,128,0.1465,NA,NA
8,9,0,1.75633333333333,0.0616468436607531,0.0435909011912654
8,9,0.5,1.732,NA,NA
8,9,1,1.7765,0.0247487373415293,0.0247487373415293
8,9,4,1.185,NA,NA
8,9,8,0.1345,0.123743686707646,0.123743686707646
8,9,32,0.1485,0.166170093578839,0.166170093578839
8,9,128,0.1505,NA,NA
8,10,0,1.69883333333333,0.0839081839472965,0.0593320458661815
8,10,0.5,1.59,NA,NA
8,10,1,1.6575,0.0318198051533946,0.0318198051533946
8,10,4,0.227,NA,NA
8,10,8,0.157,0.131521861300698,0.131521861300698
8,10,32,0.13075,0.114904851942814,0.114904851942814
8,10,128,0.1085,NA,NA
8,11,0,1.719,0.0591945943477949,0.0418568990729126
8,11,0.5,1.654,NA,NA
8,11,1,1.7275,0.00212132034355972,0.00212132034355972
8,11,4,0.281,NA,NA
8,11,8,0.0775,0.0898025612106915,0.0898025612106915
8,11,32,0.07325,0.0873276874765386,0.0873276874765386
8,11,128,0.015,NA,NA
8,12,0,1.713,0.0871550342780037,0.0616279157525224
8,12,0.5,1.691,NA,NA
8,12,1,1.747,0.0424264068711927,0.0424264068711927
8,12,4,0.157,NA,NA
8,12,8,0.129,0.074953318805774,0.074953318805774
8,12,32,0.12625,0.108540890912135,0.108540890912135
8,12,128,0.075,NA,NA
9,1,0,1.76966666666667,0.0893886644565928,0.0632073307984657
9,1,1,0.69675,0.167230753750618,0.167230753750618
9,1,4,0.32,NA,NA
9,1,8,0.31675,0.178544462249603,0.178544462249603
9,1,32,0.23725,0.0760139789775539,0.0760139789775539
9,1,128,0.2615,NA,NA
9,2,0,1.65883333333333,0.0619643714834043,0.0438154272678775
9,2,1,0.787,0.0876812408671319,0.0876812408671319
9,2,4,0.237,NA,NA
9,2,8,0.31075,0.0654073772597556,0.0654073772597556
9,2,32,0.257,0.00282842712474619,0.00282842712474619
9,2,128,0.268,NA,NA
9,3,0,1.71,0.109489725545368,0.0774209274033837
9,3,1,1.07075,0.561796337652712,0.561796337652712
9,3,4,0.181,NA,NA
9,3,8,0.21175,0.0625789501350095,0.0625789501350095
9,3,32,0.13075,0.0201525432638166,0.0201525432638166
9,3,128,0.1445,NA,NA
9,4,0,1.68416666666667,0.152179444516444,0.107607117174779
9,4,1,1.60125,0.269761237022668,0.269761237022668
9,4,4,0.264,NA,NA
9,4,8,0.25175,0.0908632213824714,0.0908632213824714
9,4,32,0.174,0.0353553390593274,0.0353553390593274
9,4,128,0.1305,NA,NA
9,5,0,1.704,0.0837197706638043,0.0591988175557586
9,5,1,1.1025,0.0530330085889912,0.0530330085889912
9,5,4,0.434,NA,NA
9,5,8,0.44975,0.100055609537896,0.100055609537896
9,5,32,0.3335,0.0954594154601839,0.0954594154601839
9,5,128,0.484,NA,NA
9,6,0,1.71916666666667,0.0564143894173581,0.0398909973135125
9,6,1,0.565,0.0622253967444162,0.0622253967444162
9,6,4,0.204,NA,NA
9,6,8,0.19325,0.108540890912135,0.108540890912135
9,6,32,0.1455,0.0827314933988261,0.0827314933988261
9,6,128,0.113,NA,NA
9,7,0,1.67366666666667,0.0686245825731082,0.048524907693541
9,7,1,0.756,0.0183847763108502,0.0183847763108502
9,7,4,0.34,NA,NA
9,7,8,0.1745,0.11667261889578,0.11667261889578
9,7,32,0.13825,0.109955104474508,0.109955104474508
9,7,128,0.0975,NA,NA
9,8,0,1.7605,0.078560486251041,0.0555506525614236
9,8,1,1.794,0.0523259018078044,0.0523259018078044
9,8,4,0.223,NA,NA
9,8,8,0.0765,0.0982878425849301,0.0982878425849301
9,8,32,0.07175,0.0951058620695907,0.0951058620695907
9,8,128,0.0145,NA,NA
9,9,0,1.73816666666667,0.0882614487380155,0.0624102689199996
9,9,1,0.5275,0.0629325035256028,0.0629325035256028
9,9,4,0.218,NA,NA
9,9,8,0.2205,0.0855599205235723,0.0855599205235723
9,9,32,0.1845,0.0601040764008566,0.0601040764008566
9,9,128,0.1595,NA,NA
9,10,0,1.597,0.071714712576988,0.0507099595740324
9,10,1,0.96125,0.667862354830694,0.667862354830694
9,10,4,0.431,NA,NA
9,10,8,0.3015,0.152027957955108,0.152027957955108
9,10,32,0.236,0.0933380951166243,0.0933380951166243
9,10,128,0.155,NA,NA
9,11,0,1.36666666666667,0.317296916677949,0.224362801432561
9,11,1,0.61225,0.282489159084026,0.282489159084026
9,11,4,0.148,NA,NA
9,11,8,0.13975,0.130461201128918,0.130461201128918
9,11,32,0.093,0.0961665222413705,0.0961665222413705
9,11,128,0.041,NA,NA
9,12,0,1.3035,0.134784086597788,0.0953067416293308
9,12,1,0.7765,0.0190918830920368,0.0190918830920368
9,12,4,0.445,NA,NA
9,12,8,0.23675,0.257740421742497,0.257740421742497
9,12,32,0.1195,0.126572113832392,0.126572113832392
9,12,128,0.0495,NA,NA
10,1,0,1.71366666666667,0.10488724104167,0.0741664794005126
10,1,1,1.47125,0.210364267402998,0.210364267402998
10,1,4,0.76,NA,NA
10,1,8,1.241,0.243244732728172,0.243244732728172
10,1,32,1.23275,0.310066323550301,0.310066323550301
10,1,128,0.9135,NA,NA
10,2,0,1.70116666666667,0.0896023623200489,0.0633584380068406
10,2,1,1.47675,0.151674404564515,0.151674404564515
10,2,4,0.949,NA,NA
10,2,8,1.29,0.311126983722081,0.311126983722081
10,2,32,1.238,0.329511760032931,0.329511760032931
10,2,128,0.962,NA,NA
10,3,0,1.647,0.157515078643284,0.111379980247799
10,3,1,1.61075,0.253497781055377,0.253497781055377
10,3,4,0.255,NA,NA
10,3,8,0.089,0.104651803615609,0.104651803615609
10,3,32,0.08425,0.0788424061023001,0.0788424061023001
10,3,128,0.015,NA,NA
10,4,0,1.72616666666667,0.0980055270550255,0.0693003727743702
10,4,1,1.511,0.125865007051205,0.125865007051205
10,4,4,0.924,NA,NA
10,4,8,1.22275,0.2732967709286,0.2732967709286
10,4,32,1.1515,0.228395490323255,0.228395490323255
10,4,128,0.8935,NA,NA
10,5,0,1.69466666666667,0.102256214155098,0.0723060624475339
10,5,1,1.6945,0.0827314933988261,0.0827314933988261
10,5,4,0.456,NA,NA
10,5,8,0.20375,0.174301821562484,0.174301821562484
10,5,32,0.1095,0.11667261889578,0.11667261889578
10,5,128,0.064,NA,NA
10,6,0,1.6995,0.104645831259539,0.0739957769065235
10,6,1,1.29125,0.460680067943036,0.460680067943036
10,6,4,0.738,NA,NA
10,6,8,1.301,0.270114790413261,0.270114790413261
10,6,32,1.17825,0.204707413153505,0.204707413153505
10,6,128,0.919,NA,NA
10,7,0,1.7095,0.101085359968692,0.0714781435125452
10,7,1,1.29525,0.356028264327427,0.356028264327427
10,7,4,0.65,NA,NA
10,7,8,0.895,0.661851947190608,0.661851947190608
10,7,32,0.8005,0.543765114732455,0.543765114732455
10,7,128,0.4265,NA,NA
10,8,0,1.625,0.108013887995942,0.0763773526642551
10,8,1,1.6295,0.202939646200539,0.202939646200539
10,8,4,0.707,NA,NA
10,8,8,0.61075,0.133289628253664,0.133289628253664
10,8,32,0.455,0.0834386001800126,0.0834386001800126
10,8,128,0.453,NA,NA
10,9,0,1.68816666666667,0.103218619121423,0.0729865855254694
10,9,1,1.14175,0.49674251378355,0.49674251378355
10,9,4,0.296,NA,NA
10,9,8,0.84475,0.55613948340322,0.55613948340322
10,9,32,0.65875,0.475529310347953,0.475529310347953
10,9,128,0.362,NA,NA
10,10,0,1.66883333333333,0.0835648450805321,0.0590892686252476
10,10,1,1.61075,0.195515024998081,0.195515024998081
10,10,4,0.703,NA,NA
10,10,8,1.00175,0.612708025898143,0.612708025898143
10,10,32,0.92925,0.497449620564736,0.497449620564736
10,10,128,0.4925,NA,NA
10,11,0,1.71133333333333,0.102197521170199,0.0722645602399037
10,11,1,1.2125,0.433456456867354,0.433456456867354
10,11,4,0.523,NA,NA
10,11,8,0.82875,0.656548646331709,0.656548646331709
10,11,32,0.7915,0.649831131910437,0.649831131910437
10,11,128,0.2945,NA,NA
10,12,0,1.66316666666667,0.112585893136455,0.0796102485027315
10,12,1,1.715,0.0933380951166242,0.0933380951166242
10,12,4,0.661,NA,NA
10,12,8,0.297,0.183847763108502,0.183847763108502
10,12,32,0.17925,0.206121626715879,0.206121626715879
10,12,128,0.0515,NA,NA
11,1,0,1.76016666666667,0.100613534543486,0.0711445125548462
11,1,1,1.21825,0.202586092809946,0.202586092809946
11,1,4,1.017,NA,NA
11,1,8,0.944,0.0537401153701776,0.0537401153701776
11,1,32,0.94575,0.163695219844686,0.163695219844686
11,1,128,1.073,NA,NA
11,2,0,1.72216666666667,0.0973220598494161,0.0688170884785652
11,2,1,1.74775,0.0668215908221288,0.0668215908221288
11,2,4,0.68,NA,NA
11,2,8,0.2955,0.113844191771034,0.113844191771034
11,2,32,0.2895,0.0134350288425444,0.0134350288425444
11,2,128,0.288,NA,NA
11,3,0,1.71816666666667,0.103880139263159,0.0734543509035828
11,3,1,1.7445,0.0954594154601839,0.0954594154601839
11,3,4,0.476,NA,NA
11,3,8,0.18975,0.0753068721963673,0.0753068721963673
11,3,32,0.15325,0.117026172286374,0.117026172286374
11,3,128,0.1075,NA,NA
11,4,0,1.73366666666667,0.0957096303061157,0.0676769286143119
11,4,1,1.05275,0.372998827075904,0.372998827075904
11,4,4,1.309,NA,NA
11,4,8,0.8155,0.0417193000900063,0.0417193000900063
11,4,32,0.7365,0.00212132034355964,0.00212132034355964
11,4,128,0.532,NA,NA
11,5,0,1.73766666666667,0.10089763789769,0.0713454039631613
11,5,1,1.144,0.0975807358037436,0.0975807358037436
11,5,4,0.954,NA,NA
11,5,8,0.9235,0.0657609306503489,0.0657609306503489
11,5,32,0.77725,0.0611647365726364,0.0611647365726364
11,5,128,0.6485,NA,NA
11,6,0,1.71433333333333,0.104734585182419,0.0740585354072484
11,6,1,1.31175,0.100055609537896,0.100055609537896
11,6,4,1.187,NA,NA
11,6,8,1.11925,0.223799296245542,0.223799296245542
11,6,32,1.121,0.107480230740355,0.107480230740355
11,6,128,1.1895,NA,NA
11,7,0,1.75683333333333,0.0844930963649299,0.0597456414030904
11,7,1,1.27525,0.0364159992311071,0.0364159992311071
11,7,4,0.913,NA,NA
11,7,8,1.131,0.181019335983756,0.181019335983756
11,7,32,0.95425,0.0816708332270463,0.0816708332270463
11,7,128,0.829,NA,NA
11,8,0,1.74266666666667,0.0705856453773239,0.0499115885007346
11,8,1,1.55375,0.0484368145112787,0.0484368145112787
11,8,4,1.331,NA,NA
11,8,8,1.09575,0.475529310347953,0.475529310347953
11,8,32,1.02525,0.327743993079965,0.327743993079965
11,8,128,0.5125,NA,NA
11,9,0,1.71766666666667,0.0845123265171025,0.0597592391740948
11,9,1,1.1095,0.323147799002252,0.323147799002252
11,9,4,0.795,NA,NA
11,9,8,0.43525,0.247133820024698,0.247133820024698
11,9,32,0.38325,0.25703331496131,0.25703331496131
11,9,128,0.274,NA,NA
11,10,0,1.74166666666667,0.0782325592917255,0.0553187731847577
11,10,1,0.6715,0.0318198051533946,0.0318198051533946
11,10,4,0.36,NA,NA
11,10,8,0.4905,0.183140656327316,0.183140656327316
11,10,32,0.45075,0.0371231060122937,0.0371231060122937
11,10,128,0.3275,NA,NA
11,11,0,1.7655,0.0760279553848451,0.0537598828123723
11,11,1,0.869,0.200818325856979,0.200818325856979
11,11,4,0.734,NA,NA
11,11,8,0.538,0.0961665222413705,0.0961665222413705
11,11,32,0.4945,0.133643181644257,0.133643181644257
11,11,128,0.4245,NA,NA
11,12,0,1.74633333333333,0.059810812846285,0.0422926313518876
11,12,1,0.59825,0.0060104076400857,0.0060104076400857
11,12,4,0.472,NA,NA
11,12,8,0.43525,0.126925667222985,0.126925667222985
11,12,32,0.36675,0.0724784450716211,0.0724784450716211
11,12,128,0.317,NA,NA
12,1,0,1.65466666666667,0.129423078828057,0.0915159366813599
12,1,1,1.684,0.142835569799683,0.142835569799683
12,1,4,1.548,NA,NA
12,1,8,1.67775,0.126218560441799,0.126218560441799
12,1,32,1.6685,0.106773123959169,0.106773123959169
12,1,128,0.491,NA,NA
12,2,0,1.6365,0.0888270792044859,0.0628102300584865
12,2,1,1.6555,0.0756604255869606,0.0756604255869606
12,2,4,1.575,NA,NA
12,2,8,1.6675,0.102530483272049,0.102530483272049
12,2,32,1.657,0.103237590053236,0.103237590053236
12,2,128,0.445,NA,NA
12,3,0,1.63683333333333,0.130330669196983,0.0921576999857671
12,3,1,1.65675,0.150260191002141,0.150260191002141
12,3,4,1.489,NA,NA
12,3,8,1.68275,0.116319065505187,0.116319065505187
12,3,32,1.65125,0.114197745161627,0.114197745161627
12,3,128,0.4425,NA,NA
12,4,0,1.65766666666667,0.101657923121286,0.0718830068004021
12,4,1,1.67625,0.100055609537896,0.100055609537896
12,4,4,1.536,NA,NA
12,4,8,1.68975,0.100762716319083,0.100762716319083
12,4,32,1.66625,0.125511453660612,0.125511453660612
12,4,128,0.424,NA,NA
12,5,0,1.63183333333333,0.130990775756667,0.0926244658104254
12,5,1,1.6455,0.17606958851545,0.17606958851545
12,5,4,1.543,NA,NA
12,5,8,1.6715,0.119501046020527,0.119501046020527
12,5,32,1.653,0.121622366364086,0.121622366364086
12,5,128,0.404,NA,NA
12,6,0,1.65233333333333,0.107969131391029,0.0763457049654181
12,6,1,1.69175,0.103591143443829,0.103591143443829
12,6,4,1.578,NA,NA
12,6,8,1.681,0.121622366364086,0.121622366364086
12,6,32,1.649,0.123036579926459,0.123036579926459
12,6,128,0.4225,NA,NA
12,7,0,1.64333333333333,0.088455261761714,0.0625473154233391
12,7,1,1.69525,0.0689429111656883,0.0689429111656883
12,7,4,1.596,NA,NA
12,7,8,1.66725,0.0901561146012849,0.0901561146012849
12,7,32,1.63825,0.115611958724,0.115611958724
12,7,128,0.383,NA,NA
12,8,0,1.60483333333333,0.0562724029461452,0.0397905977168811
12,8,1,1.636,0.0155563491861041,0.0155563491861041
12,8,4,1.267,NA,NA
12,8,8,1.581,0.0664680374315354,0.0664680374315354
12,8,32,1.6105,0.101116269709676,0.101116269709676
12,8,128,0.2815,NA,NA
12,9,0,1.6505,0.119080854884402,0.0842028799982519
12,9,1,1.69925,0.100055609537897,0.100055609537897
12,9,4,1.605,NA,NA
12,9,8,1.66425,0.111369318036881,0.111369318036881
12,9,32,1.6495,0.119501046020527,0.119501046020527
12,9,128,0.386,NA,NA
12,10,0,1.6255,0.131670991490153,0.0931054509682436
12,10,1,1.66025,0.148138870658582,0.148138870658582
12,10,4,1.575,NA,NA
12,10,8,1.66725,0.0943987552884041,0.0943987552884041
12,10,32,1.6345,0.11667261889578,0.11667261889578
12,10,128,0.361,NA,NA
12,11,0,1.65483333333333,0.108881051305236,0.0769905297206524
12,11,1,1.66425,0.169352074094178,0.169352074094178
12,11,4,1.51,NA,NA
12,11,8,1.6795,0.112429978208661,0.112429978208661
12,11,32,1.66375,0.107833784130949,0.107833784130949
12,11,128,0.3935,NA,NA
12,12,0,1.61866666666667,0.110753480005521,0.0783145367519126
12,12,1,1.65625,0.122683026535866,0.122683026535866
12,12,4,1.597,NA,NA
12,12,8,1.64075,0.126218560441799,0.126218560441799
12,12,32,1.5895,0.126572113832392,0.126572113832392
12,12,128,0.318,NA,NA
13,1,0,1.63183333333333,0.11001628667308,0.0777932623474981
13,1,1,1.6775,0.0926309883354377,0.0926309883354377
13,1,4,0.153,NA,NA
13,1,8,0.16425,0.104298250225016,0.104298250225016
13,1,32,0.1315,0.0940452018978108,0.0940452018978108
13,1,128,0.1335,NA,NA
13,2,0,1.43283333333333,0.100040408502431,0.0707392512447415
13,2,1,1.416,0.043840620433566,0.043840620433566
13,2,4,0.328,NA,NA
13,2,8,0.26775,0.161573899501126,0.161573899501126
13,2,32,0.2445,0.161927452891719,0.161927452891719
13,2,128,0.219,NA,NA
13,3,0,1.62333333333333,0.0514716750585536,0.0363959704729337
13,3,1,1.6165,0.0134350288425443,0.0134350288425443
13,3,4,0.215,NA,NA
13,3,8,0.1715,0.168998520703585,0.168998520703585
13,3,32,0.10725,0.11985459941112,0.11985459941112
13,3,128,0.044,NA,NA
13,4,0,1.508,0.0970618359603814,0.068633082402002
13,4,1,1.42025,0.0328804653251744,0.0328804653251744
13,4,4,0.196,NA,NA
13,4,8,0.22425,0.149553084220955,0.149553084220955
13,4,32,0.122,0.0905096679918781,0.0905096679918781
13,4,128,0.0875,NA,NA
13,5,0,1.4335,0.0651786007827723,0.0460882306017491
13,5,1,1.07225,0.3942120305115,0.3942120305115
13,5,4,0.099,NA,NA
13,5,8,0.18825,0.133996735034851,0.133996735034851
13,5,32,0.141,0.124450793488832,0.124450793488832
13,5,128,0.0945,NA,NA
13,6,0,1.58816666666667,0.0876446423538446,0.0619741209430732
13,6,1,1.621,0.0325269119345812,0.0325269119345812
13,6,4,0.197,NA,NA
13,6,8,0.13625,0.111369318036881,0.111369318036881
13,6,32,0.12575,0.150260191002141,0.150260191002141
13,6,128,0.0795,NA,NA
13,7,0,1.57333333333333,0.0695868761573138,0.0492053520124251
13,7,1,1.6085,0.0247487373415291,0.0247487373415291
13,7,4,0.11,NA,NA
13,7,8,0.075,0.10040916292849,0.10040916292849
13,7,32,0.08025,0.104298250225016,0.104298250225016
13,7,128,0.0145,NA,NA
13,8,0,1.69516666666667,0.0612583327665169,0.0433161825033862
13,8,1,1.73175,0.0413657466994129,0.0413657466994129
13,8,4,0.07,NA,NA
13,8,8,0.09925,0.108540890912135,0.108540890912135
13,8,32,0.078,0.107480230740355,0.107480230740355
13,8,128,0.011,NA,NA
13,9,0,1.6715,0.0630495836623843,0.0445827881586605
13,9,1,1.70725,0.0307591449816149,0.0307591449816149
13,9,4,0.062,NA,NA
13,9,8,0.0785,0.108187337521542,0.108187337521542
13,9,32,0.306,0.224859956417322,0.224859956417322
13,9,128,0.00650000000000001,NA,NA
13,10,0,1.35583333333333,0.331981299674143,0.23474622822671
13,10,1,1.29,0.451134126397017,0.451134126397017
13,10,4,0.086,NA,NA
13,10,8,0.10825,0.124097240098239,0.124097240098239
13,10,32,0.10875,0.123390133317053,0.123390133317053
13,10,128,0.047,NA,NA
13,11,0,1.611,0.0672011904656458,0.0475184174820669
13,11,1,1.59525,0.00883883476483197,0.00883883476483197
13,11,4,0.056,NA,NA
13,11,8,0.07775,0.106419570568575,0.106419570568575
13,11,32,0.09275,0.127632774004172,0.127632774004172
13,11,128,0.0045,NA,NA
13,12,0,1.55716666666667,0.10857524272749,0.0767742904015834
13,12,1,1.5635,0.0275771644662753,0.0275771644662753
13,12,4,0.202,NA,NA
13,12,8,0.1405,0.153442171517481,0.153442171517481
13,12,32,0.1205,0.115258405333407,0.115258405333407
13,12,128,0.044,NA,NA
14,1,0,1.73133333333333,0.074272022547749,0.0525182507959535
14,1,1,1.7305,0.0883883476483183,0.0883883476483183
14,1,4,0.447,NA,NA
14,1,8,0.105,0.130107647738325,0.130107647738325
14,1,32,0.089,0.0975807358037436,0.0975807358037436
14,1,128,0.0145,NA,NA
14,2,0,1.49366666666667,0.0523099735550816,0.0369887370244872
14,2,1,1.3725,0.0120208152801712,0.0120208152801712
14,2,4,0.118,NA,NA
14,2,8,0.17375,0.0498510280736516,0.0498510280736516
14,2,32,0.13275,0.0936916485072175,0.0936916485072175
14,2,128,0.078,NA,NA
14,3,0,1.69383333333333,0.100087878053905,0.0707728172864884
14,3,1,1.669,0.0890954544295051,0.0890954544295051
14,3,4,0.164,NA,NA
14,3,8,0.17225,0.115611958724001,0.115611958724001
14,3,32,0.14525,0.104298250225016,0.104298250225016
14,3,128,0.0605,NA,NA
14,4,0,1.727,0.0846108740056501,0.0598289227715158
14,4,1,0.867,0.202232539419353,0.202232539419353
14,4,4,0.288,NA,NA
14,4,8,0.32075,0.0936916485072175,0.0936916485072175
14,4,32,0.2085,0.0940452018978108,0.0940452018978108
14,4,128,0.2245,NA,NA
14,5,0,1.7275,0.0964611320688286,0.0682083206067998
14,5,1,1.778,0.0848528137423858,0.0848528137423858
14,5,4,0.149,NA,NA
14,5,8,0.0825,0.105358910396796,0.105358910396796
14,5,32,0.07025,0.0901561146012848,0.0901561146012848
14,5,128,0.0195,NA,NA
14,6,0,1.666,0.0970618359603814,0.068633082402002
14,6,1,0.964,0.172534054609518,0.172534054609518
14,6,4,0.328,NA,NA
14,6,8,0.463,0.376180807591243,0.376180807591243
14,6,32,0.3925,0.262336615820209,0.262336615820209
14,6,128,0.1255,NA,NA
14,7,0,1.67833333333333,0.0766572457979892,0.0542048583308421
14,7,1,0.8125,0.366988419435818,0.366988419435818
14,7,4,0.322,NA,NA
14,7,8,0.62875,0.329865313423524,0.329865313423524
14,7,32,0.4565,0.270821897194448,0.270821897194448
14,7,128,0.292,NA,NA
14,8,0,1.44066666666667,0.113650047660937,0.0803627193832231
14,8,1,1.46425,0.0201525432638166,0.0201525432638166
14,8,4,0.217,NA,NA
14,8,8,0.26675,0.239355645431646,0.239355645431646
14,8,32,0.24425,0.244305392899952,0.244305392899952
14,8,128,0.098,NA,NA
14,9,0,1.63283333333333,0.213693901020439,0.15110440650976
14,9,1,0.72925,0.341886128703696,0.341886128703696
14,9,4,0.176,NA,NA
14,9,8,0.1615,0.1209152595829,0.1209152595829
14,9,32,0.2095,0.219910208949016,0.219910208949016
14,9,128,0.0265,NA,NA
14,10,0,1.69166666666667,0.0633113997107419,0.0447679200618776
14,10,1,1.736,0.0551543289325506,0.0551543289325506
14,10,4,0.126,NA,NA
14,10,8,0.09025,0.0972271824131503,0.0972271824131503
14,10,32,0.07875,0.0866205806953521,0.0866205806953521
14,10,128,0.0325,NA,NA
14,11,0,1.39316666666667,0.0382894676553923,0.0270747422271509
14,11,1,1.144,0.183847763108502,0.183847763108502
14,11,4,0.093,NA,NA
14,11,8,0.097,0.111722871427475,0.111722871427475
14,11,32,0.075,0.0961665222413705,0.0961665222413705
14,11,128,0.025,NA,NA
14,12,0,1.65,0.0470319040652193,0.0332565782966317
14,12,1,0.7945,0.447598592491085,0.447598592491085
14,12,4,0.313,NA,NA
14,12,8,0.47225,0.33481506089183,0.33481506089183
14,12,32,0.3485,0.260922402257836,0.260922402257836
14,12,128,0.1445,NA,NA
15,1,0,1.542,0.028583211855913,0.0202113829314078
15,1,1,1.37225,0.205414519934692,0.205414519934692
15,1,4,0.375,NA,NA
15,1,8,0.57175,0.108540890912135,0.108540890912135
15,1,32,0.6205,0.231223917448001,0.231223917448001
15,1,128,1.216,NA,NA
15,2,0,1.47566666666667,0.0734597395403314,0.0519438799731659
15,2,1,1.491,0.117379725676967,0.117379725676967
15,2,4,0.081,NA,NA
15,2,8,0.09225,0.0873276874765386,0.0873276874765386
15,2,32,0.08225,0.0915703281636579,0.0915703281636579
15,2,128,0.0205,NA,NA
15,3,0,1.45516666666667,0.0743678918171903,0.0525860406064828
15,3,1,1.49275,0.0802566196646733,0.0802566196646733
15,3,4,0.091,NA,NA
15,3,8,0.0865,0.0898025612106915,0.0898025612106915
15,3,32,0.101,0.0636396103067893,0.0636396103067893
15,3,128,0.023,NA,NA
15,4,0,1.38383333333333,0.127673737837244,0.0902789658041488
15,4,1,1.459,0.121622366364086,0.121622366364086
15,4,4,0.102,NA,NA
15,4,8,0.0785,0.0954594154601839,0.0954594154601839
15,4,32,0.086,0.0820243866176395,0.0820243866176395
15,4,128,0.013,NA,NA
15,5,0,1.40366666666667,0.0829236596716121,0.0586358820746023
15,5,1,1.444,0.15556349186104,0.15556349186104
15,5,4,0.087,NA,NA
15,5,8,0.095,0.121622366364086,0.121622366364086
15,5,32,0.07575,0.0951058620695906,0.0951058620695906
15,5,128,0.017,NA,NA
15,6,0,1.46883333333333,0.0755750179181807,0.0534396076582404
15,6,1,1.3665,0.105358910396796,0.105358910396796
15,6,4,0.252,NA,NA
15,6,8,0.141,0.147078210486802,0.147078210486802
15,6,32,0.0975,0.109601551083915,0.109601551083915
15,6,128,0.0505,NA,NA
15,7,0,1.39233333333333,0.0940070919310525,0.0664730521840744
15,7,1,1.4825,0.0714177848998413,0.0714177848998413
15,7,4,0.107,NA,NA
15,7,8,0.086,0.113137084989848,0.113137084989848
15,7,32,0.0715,0.096873629022557,0.096873629022557
15,7,128,0.005,NA,NA
15,8,0,1.55166666666667,0.0681933525597131,0.0482199820268182
15,8,1,1.49075,0.111369318036881,0.111369318036881
15,8,4,0.21,NA,NA
15,8,8,0.10475,0.107833784130948,0.107833784130948
15,8,32,0.096,0.0692964645562816,0.0692964645562816
15,8,128,0.0405,NA,NA
15,9,0,1.39666666666667,0.0591974098532473,0.0418588899359105
15,9,1,1.3655,0.204353859762912,0.204353859762912
15,9,4,0.154,NA,NA
15,9,8,0.106,0.121622366364086,0.121622366364086
15,9,32,0.10875,0.141774909627903,0.141774909627903
15,9,128,0.047,NA,NA
15,10,0,1.55066666666667,0.0410162569395762,0.0290028734208641
15,10,1,1.552,0.0410121933088198,0.0410121933088198
15,10,4,0.17,NA,NA
15,10,8,0.1395,0.0926309883354377,0.0926309883354377
15,10,32,0.11775,0.041365746699413,0.041365746699413
15,10,128,0.148,NA,NA
15,11,0,1.51116666666667,0.0664122227706115,0.046960533074771
15,11,1,1.537,0.0608111831820431,0.0608111831820431
15,11,4,0.872,NA,NA
15,11,8,0.1485,0.0106066017177982,0.0106066017177982
15,11,32,0.1475,0.00212132034355964,0.00212132034355964
15,11,128,0.343,NA,NA
15,12,0,1.44316666666667,0.0639850242895425,0.0452442445695214
15,12,1,1.49525,0.0441941738241592,0.0441941738241592
15,12,4,0.527,NA,NA
15,12,8,0.082,0.107480230740355,0.107480230740355
15,12,32,0.073,0.0961665222413705,0.0961665222413705
15,12,128,0.0205,NA,NA
16,1,0,1.697,0.120751811580614,0.0853844248092121
16,1,1,1.67275,0.222385082683169,0.222385082683169
16,1,4,0.126,NA,NA
16,1,8,0.19375,0.164402326625872,0.164402326625872
16,1,32,0.1985,0.218495995386643,0.218495995386643
16,1,128,0.0565,NA,NA
16,2,0,1.69866666666667,0.105614077344516,0.0746804302790676
16,2,1,1.724,0.0636396103067892,0.0636396103067892
16,2,4,0.385,NA,NA
16,2,8,0.33925,0.104298250225016,0.104298250225016
16,2,32,0.25125,0.00318198051533947,0.00318198051533947
16,2,128,0.265,NA,NA
16,3,0,1.70366666666667,0.0850490054811538,0.0601387285088957
16,3,1,1.73975,0.0187383297014433,0.0187383297014433
16,3,4,0.099,NA,NA
16,3,8,0.14675,0.153088618126888,0.153088618126888
16,3,32,0.12025,0.142482016409089,0.142482016409089
16,3,128,0.032,NA,NA
16,4,0,1.70916666666667,0.101995506436967,0.0721217142521354
16,4,1,1.72525,0.0590434162290767,0.0590434162290767
16,4,4,0.488,NA,NA
16,4,8,0.42975,0.387848069480821,0.387848069480821
16,4,32,0.26875,0.237941431869273,0.237941431869273
16,4,128,0.2035,NA,NA
16,5,0,1.69483333333333,0.101040008577461,0.0714460752362694
16,5,1,1.68825,0.0661144840409423,0.0661144840409423
16,5,4,0.205,NA,NA
16,5,8,0.23075,0.233698791182154,0.233698791182154
16,5,32,0.16725,0.207535840278252,0.207535840278252
16,5,128,0.095,NA,NA
16,6,0,1.66766666666667,0.0880927541477353,0.062290983831263
16,6,1,1.67625,0.0293449314192418,0.0293449314192418
16,6,4,0.611,NA,NA
16,6,8,0.34325,0.344714555828442,0.344714555828442
16,6,32,0.269,0.312541197284454,0.312541197284454
16,6,128,0.12,NA,NA
16,7,0,1.70466666666667,0.0627402050788275,0.0443640244642736
16,7,1,1.731,0.00141421356237325,0.00141421356237325
16,7,4,0.26,NA,NA
16,7,8,0.17375,0.192686597873334,0.192686597873334
16,7,32,0.14625,0.167937860531805,0.167937860531805
16,7,128,0.0695,NA,NA
16,8,0,1.70033333333333,0.0575007246331151,0.0406591523112161
16,8,1,1.739,0.0155563491861041,0.0155563491861041
16,8,4,0.422,NA,NA
16,8,8,0.1805,0.208596500450032,0.208596500450032
16,8,32,0.177,0.162634559672906,0.162634559672906
16,8,128,0.067,NA,NA
16,9,0,1.65583333333333,0.0817868163785176,0.0578320124729088
16,9,1,1.7125,0.0403050865276332,0.0403050865276332
16,9,4,0.382,NA,NA
16,9,8,0.34425,0.200464772466386,0.200464772466386
16,9,32,0.24225,0.176423141906044,0.176423141906044
16,9,128,0.1645,NA,NA
16,10,0,1.67533333333333,0.0829839341880904,0.0586785025939369
16,10,1,1.67275,0.0654073772597557,0.0654073772597557
16,10,4,0.226,NA,NA
16,10,8,0.26775,0.215314014871304,0.215314014871304
16,10,32,0.152,0.0834386001800126,0.0834386001800126
16,10,128,0.131,NA,NA
16,11,0,1.67166666666667,0.0568887803818409,0.0402264423814319
16,11,1,1.7085,0.0289913780286486,0.0289913780286486
16,11,4,0.212,NA,NA
16,11,8,0.1275,0.101116269709676,0.101116269709676
16,11,32,0.09125,0.112783531599254,0.112783531599254
16,11,128,0.0155,NA,NA
16,12,0,1.67816666666667,0.0668137959805707,0.047244488214676
16,12,1,1.7315,0.0318198051533946,0.0318198051533946
16,12,4,0.189,NA,NA
16,12,8,0.124,0.104651803615609,0.104651803615609
16,12,32,0.10025,0.135410948597224,0.135410948597224
16,12,128,0.0375,NA,NA
17,1,0,1.70683333333333,0.0839111633415562,0.0593341526160664
17,1,1,1.6765,0.0926309883354377,0.0926309883354377
17,1,4,1.217,NA,NA
17,1,8,0.57925,0.562503444433899,0.562503444433899
17,1,32,0.6975,0.49568185361177,0.49568185361177
17,1,128,0.668,NA,NA
17,2,0,1.73033333333333,0.0848783443131011,0.0600180528396804
17,2,1,1.68425,0.0901561146012848,0.0901561146012848
17,2,4,1.598,NA,NA
17,2,8,1.68675,0.138946482503157,0.138946482503157
17,2,32,1.6795,0.147785317267988,0.147785317267988
17,2,128,1.57,NA,NA
17,3,0,1.62533333333333,0.0232450711621482,0.0164367474479188
17,3,1,1.556,0.0127279220613579,0.0127279220613579
17,3,4,0.212,NA,NA
17,3,8,0.15725,0.180665782593163,0.180665782593163
17,3,32,0.074,0.0933380951166243,0.0933380951166243
17,3,128,0.018,NA,NA
17,4,0,1.2385,0.409077926561676,0.289261775905494
17,4,1,1.169,0.455376767084137,0.455376767084137
17,4,4,0.188,NA,NA
17,4,8,0.08075,0.0993485027567099,0.0993485027567099
17,4,32,0.07475,0.0965200756319637,0.0965200756319637
17,4,128,0.00750000000000001,NA,NA
17,5,0,1.64783333333333,0.0132884661768517,0.00939636454521992
17,5,1,1.592,0.0155563491861041,0.0155563491861041
17,5,4,0.181,NA,NA
17,5,8,0.12475,0.110662211255695,0.110662211255695
17,5,32,0.091,0.0905096679918781,0.0905096679918781
17,5,128,0.058,NA,NA
17,6,0,1.419,0.250065991290299,0.176823358185507
17,6,1,1.43325,0.14036069606553,0.14036069606553
17,6,4,0.128,NA,NA
17,6,8,0.07525,0.0958129688507772,0.0958129688507772
17,6,32,0.07025,0.0915703281636579,0.0915703281636579
17,6,128,0.015,NA,NA
17,7,0,1.53566666666667,0.0580028734920378,0.0410142251745254
17,7,1,1.3945,0.241123412384613,0.241123412384613
17,7,4,0.169,NA,NA
17,7,8,0.074,0.10040916292849,0.10040916292849
17,7,32,0.069,0.0933380951166243,0.0933380951166243
17,7,128,0.005,NA,NA
17,8,0,1.416,0.460316195674234,0.325492703451245
17,8,1,1.5005,0.0261629509039022,0.0261629509039022
17,8,4,0.157,NA,NA
17,8,8,0.08775,0.119147492629933,0.119147492629933
17,8,32,0.07375,0.0993485027567099,0.0993485027567099
17,8,128,0.00700000000000001,NA,NA
17,9,0,1.54166666666667,0.101036297108185,0.0714434508311761
17,9,1,1.62175,0.00318198051533958,0.00318198051533958
17,9,4,0.228,NA,NA
17,9,8,0.09875,0.124804346879426,0.124804346879426
17,9,32,0.07925,0.104298250225016,0.104298250225016
17,9,128,0.0195,NA,NA
17,10,0,1.59716666666667,0.0623103790177314,0.0440600915417418
17,10,1,0.8945,0.130814754519511,0.130814754519511
17,10,4,0.283,NA,NA
17,10,8,0.1135,0.13930003589375,0.13930003589375
17,10,32,0.1115,0.152027957955108,0.152027957955108
17,10,128,0.038,NA,NA
17,11,0,1.46766666666667,0.125300970999164,0.0886011662827678
17,11,1,1.3575,0.225567063198509,0.225567063198509
17,11,4,0.157,NA,NA
17,11,8,0.07025,0.0943987552884041,0.0943987552884041
17,11,32,0.08425,0.114197745161627,0.114197745161627
17,11,128,0.00800000000000001,NA,NA
17,12,0,1.41816666666667,0.202441555351991,0.143147796583345
17,12,1,1.414,0.0834386001800125,0.0834386001800125
17,12,4,0.09,NA,NA
17,12,8,0.06925,0.0943987552884041,0.0943987552884041
17,12,32,0.07,0.0975807358037436,0.0975807358037436
17,12,128,0.0035,NA,NA
18,1,0,1.74733333333333,0.100351050484453,0.0709589082967506
18,1,1,1.77125,0.111369318036881,0.111369318036881
18,1,4,1.687,NA,NA
18,1,8,0.757,0.0410121933088198,0.0410121933088198
18,1,32,0.5415,0.190211724139181,0.190211724139181
18,1,128,0.7865,NA,NA
18,2,0,1.72916666666667,0.0994865987625134,0.0703476486221584
18,2,1,1.7665,0.0742462120245875,0.0742462120245875
18,2,4,1.67,NA,NA
18,2,8,0.55925,0.269054130241481,0.269054130241481
18,2,32,0.52175,0.150967297783328,0.150967297783328
18,2,128,0.712,NA,NA
18,3,0,1.72116666666667,0.0879919503894153,0.0622197048101858
18,3,1,1.7565,0.064346717087976,0.064346717087976
18,3,4,1.688,NA,NA
18,3,8,1.26225,0.0548007755419574,0.0548007755419574
18,3,32,0.54025,0.201171879247573,0.201171879247573
18,3,128,0.6295,NA,NA
18,4,0,1.70683333333333,0.0807408405537948,0.0570923958742901
18,4,1,1.7495,0.0388908729652601,0.0388908729652601
18,4,4,1.659,NA,NA
18,4,8,1.322,0.0410121933088198,0.0410121933088198
18,4,32,0.636,0.121622366364086,0.121622366364086
18,4,128,0.6195,NA,NA
18,5,0,1.714,0.0805729483139348,0.0569736781329765
18,5,1,1.76975,0.0639931636973826,0.0639931636973826
18,5,4,1.683,NA,NA
18,5,8,0.908,0.154149278298667,0.154149278298667
18,5,32,0.492,0.0692964645562817,0.0692964645562817
18,5,128,0.557,NA,NA
18,6,0,1.71783333333333,0.0743443564323031,0.0525693985762313
18,6,1,1.757,0.0381837661840736,0.0381837661840736
18,6,4,1.691,NA,NA
18,6,8,0.748,0.156977705423414,0.156977705423414
18,6,32,0.469,0.0169705627484771,0.0169705627484771
18,6,128,0.481,NA,NA
18,7,0,1.71483333333333,0.0683087354101459,0.0483015700227918
18,7,1,1.7535,0.0346482322781408,0.0346482322781408
18,7,4,1.679,NA,NA
18,7,8,0.70525,0.548361308810168,0.548361308810168
18,7,32,0.328,0.0282842712474619,0.0282842712474619
18,7,128,0.3285,NA,NA
18,8,0,1.70683333333333,0.0527596752580352,0.0373067241481568
18,8,1,1.7555,0.0205060966544098,0.0205060966544098
18,8,4,1.687,NA,NA
18,8,8,0.67,0.288499566724111,0.288499566724111
18,8,32,0.68975,0.249962247149445,0.249962247149445
18,8,128,0.718,NA,NA
18,9,0,1.709,0.0651383143779451,0.0460597438117062
18,9,1,1.7715,0.0431335136523794,0.0431335136523794
18,9,4,1.708,NA,NA
18,9,8,0.83225,0.258447528523683,0.258447528523683
18,9,32,0.43575,0.136825162159597,0.136825162159597
18,9,128,0.5315,NA,NA
18,10,0,1.69333333333333,0.047014182257414,0.0332440470861577
18,10,1,1.75725,0.0392444263558533,0.0392444263558533
18,10,4,1.701,NA,NA
18,10,8,0.4465,0.0502045814642449,0.0502045814642449
18,10,32,0.43625,0.0187383297014435,0.0187383297014435
18,10,128,0.555,NA,NA
18,11,0,1.71333333333333,0.067604240498162,0.0478034168932166
18,11,1,1.76975,0.0357088924499206,0.0357088924499206
18,11,4,1.703,NA,NA
18,11,8,0.708,0.442648845022779,0.442648845022779
18,11,32,0.39,0.0537401153701776,0.0537401153701776
18,11,128,0.342,NA,NA
18,12,0,1.69533333333333,0.055139217743212,0.0389893147755468
18,12,1,1.7435,0.0487903679018717,0.0487903679018717
18,12,4,1.683,NA,NA
18,12,8,0.498,0.0367695526217005,0.0367695526217005
18,12,32,0.4075,0.144956890143242,0.144956890143242
18,12,128,0.6065,NA,NA
19,1,0,1.67066666666667,0.101549659444694,0.0718064528205277
19,1,1,1.686,0.073539105243401,0.073539105243401
19,1,4,1.104,NA,NA
19,1,8,0.138,0.169705627484771,0.169705627484771
19,1,32,0.168,0.229102597104441,0.229102597104441
19,1,128,0.0255,NA,NA
19,2,0,1.7145,0.0893350435159686,0.0631694150677367
19,2,1,1.77525,0.0986413959755233,0.0986413959755233
19,2,4,1.105,NA,NA
19,2,8,0.245,0.185261976670875,0.185261976670875
19,2,32,0.26575,0.252083567493004,0.252083567493004
19,2,128,0.0605,NA,NA
19,3,0,1.72666666666667,0.11827651217944,0.0836341238171757
19,3,1,1.738,0.131521861300698,0.131521861300698
19,3,4,0.969,NA,NA
19,3,8,0.36525,0.208950053840625,0.208950053840625
19,3,32,0.38425,0.27966073195928,0.27966073195928
19,3,128,0.2105,NA,NA
19,4,0,1.738,0.149502508340161,0.105714237451726
19,4,1,1.80075,0.0625789501350095,0.0625789501350095
19,4,4,0.424,NA,NA
19,4,8,0.1975,0.245366053071732,0.245366053071732
19,4,32,0.27975,0.390676496605568,0.390676496605568
19,4,128,0.0425,NA,NA
19,5,0,1.66366666666667,0.171957359055474,0.121592214663056
19,5,1,1.72225,0.133996735034851,0.133996735034851
19,5,4,0.602,NA,NA
19,5,8,0.23725,0.194807918216894,0.194807918216894
19,5,32,0.23175,0.250669353930631,0.250669353930631
19,5,128,0.163,NA,NA
19,6,0,1.674,0.104484448603608,0.0738816621361485
19,6,1,1.659,0.0339411254969543,0.0339411254969543
19,6,4,0.709,NA,NA
19,6,8,0.22475,0.211071374184184,0.211071374184184
19,6,32,0.2325,0.252437120883597,0.252437120883597
19,6,128,0.043,NA,NA
19,7,0,1.72833333333333,0.137551202587739,0.0972633881101552
19,7,1,1.80925,0.0816708332270462,0.0816708332270462
19,7,4,0.322,NA,NA
19,7,8,0.11475,0.154502831689261,0.154502831689261
19,7,32,0.089,0.117379725676967,0.117379725676967
19,7,128,0.005,NA,NA
19,8,0,1.29016666666667,1.11432651558389,0.787947835625346
19,8,1,1.98075,0.0243951839509359,0.0243951839509359
19,8,4,1.959,NA,NA
19,8,8,1.00725,1.41951686323199,1.41951686323199
19,8,32,1.02125,1.44073006666759,1.44073006666759
19,8,128,0.005,NA,NA
19,9,0,1.34483333333333,0.589577885722771,0.416894521032199
19,9,1,1.68025,0.0434870670429727,0.0434870670429727
19,9,4,1.28,NA,NA
19,9,8,0.80075,0.817768992442242,0.817768992442242
19,9,32,0.7575,0.65124534547281,0.65124534547281
19,9,128,0.123,NA,NA
19,10,0,1.6575,0.0905082869134092,0.0639990234300493
19,10,1,1.67025,0.102884036662643,0.102884036662643
19,10,4,0.59,NA,NA
19,10,8,0.48525,0.176423141906044,0.176423141906044
19,10,32,0.3305,0.440527524679219,0.440527524679219
19,10,128,0.154,NA,NA
19,11,0,1.68883333333333,0.0896330482206944,0.0633801362152738
19,11,1,1.756,0.0537401153701777,0.0537401153701777
19,11,4,0.545,NA,NA
19,11,8,0.1845,0.113844191771034,0.113844191771034
19,11,32,0.15,0.195161471607487,0.195161471607487
19,11,128,0.033,NA,NA
19,12,0,1.6745,0.0450083325618713,0.0318256971643985
19,12,1,1.6085,0.00636396103067885,0.00636396103067885
19,12,4,0.839,NA,NA
19,12,8,0.19875,0.110662211255695,0.110662211255695
19,12,32,0.26825,0.180665782593163,0.180665782593163
19,12,128,0.1075,NA,NA
20,1,0,1.73116666666667,0.125192185592126,0.0885242433837571
20,1,1,1.758,0.114551298552221,0.114551298552221
20,1,4,0.578,NA,NA
20,1,8,0.212,0.0806101730552664,0.0806101730552664
20,1,32,0.166,0.111722871427475,0.111722871427475
20,1,128,0.107,NA,NA
20,2,0,1.7175,0.0982025967070117,0.0694397220616557
20,2,1,1.73375,0.0625789501350095,0.0625789501350095
20,2,4,0.478,NA,NA
20,2,8,0.37375,0.375120147419463,0.375120147419463
20,2,32,0.3035,0.265165042944955,0.265165042944955
20,2,128,0.19,NA,NA
20,3,0,1.71583333333333,0.115585826697452,0.0817315218668212
20,3,1,1.74225,0.0774281925399269,0.0774281925399269
20,3,4,0.638,NA,NA
20,3,8,0.6445,0.067175144212722,0.067175144212722
20,3,32,0.611,0.0155563491861041,0.0155563491861041
20,3,128,0.698,NA,NA
20,4,0,1.73133333333333,0.111195023869476,0.0786267554123065
20,4,1,1.76525,0.0675286976033152,0.0675286976033152
20,4,4,0.673,NA,NA
20,4,8,0.48525,0.0639931636973825,0.0639931636973825
20,4,32,0.40975,0.0378302127934803,0.0378302127934803
20,4,128,0.57,NA,NA
20,5,0,1.68333333333333,0.0778224474899969,0.0550287803487108
20,5,1,1.7415,0.0502045814642448,0.0502045814642448
20,5,4,0.317,NA,NA
20,5,8,0.2515,0.300520382004283,0.300520382004283
20,5,32,0.15825,0.146724657096209,0.146724657096209
20,5,128,0.0565,NA,NA
20,6,0,1.70016666666667,0.0796466153287969,0.0563186617975487
20,6,1,1.72525,0.0548007755419574,0.0548007755419574
20,6,4,0.354,NA,NA
20,6,8,0.5,0.10040916292849,0.10040916292849
20,6,32,0.34075,0.0109601551083915,0.0109601551083915
20,6,128,0.4545,NA,NA
20,7,0,1.7105,0.085806468287653,0.0606743355958679
20,7,1,1.756,0.0551543289325506,0.0551543289325506
20,7,4,0.284,NA,NA
20,7,8,0.29075,0.114904851942814,0.114904851942814
20,7,32,0.234,0.0113137084989848,0.0113137084989847
20,7,128,0.204,NA,NA
20,8,0,1.72033333333333,0.0830501856309384,0.0587253494384381
20,8,1,1.7625,0.0388908729652601,0.0388908729652601
20,8,4,0.653,NA,NA
20,8,8,0.489,0.0480832611206852,0.0480832611206852
20,8,32,0.58375,0.0979342891943369,0.0979342891943369
20,8,128,0.55,NA,NA
20,9,0,1.69283333333333,0.0961435558596276,0.0679837603157303
20,9,1,1.76025,0.0661144840409421,0.0661144840409421
20,9,4,0.463,NA,NA
20,9,8,0.24225,0.104298250225016,0.104298250225016
20,9,32,0.178,0.0254558441227157,0.0254558441227157
20,9,128,0.186,NA,NA
20,10,0,1.70316666666667,0.074837045193763,0.052917782140474
20,10,1,1.74425,0.0307591449816147,0.0307591449816147
20,10,4,0.518,NA,NA
20,10,8,0.18075,0.0795495128834866,0.0795495128834866
20,10,32,0.1605,0.0685893577750951,0.0685893577750951
20,10,128,0.093,NA,NA
20,11,0,1.716,0.0874699948553789,0.0618506265125908
20,11,1,1.6995,0.0219203102167829,0.0219203102167829
20,11,4,0.2,NA,NA
20,11,8,0.3085,0.222738636073762,0.222738636073762
20,11,32,0.222,0.181019335983756,0.181019335983756
20,11,128,0.1205,NA,NA
20,12,0,1.69066666666667,0.0775005376325438,0.0548011557055749
20,12,1,1.72675,0.0583363094478902,0.0583363094478902
20,12,4,0.471,NA,NA
20,12,8,0.23225,0.132582521472478,0.132582521472478
20,12,32,0.202,0.108894444302728,0.108894444302728
20,12,128,0.1155,NA,NA
